"album_id";"lastfm"
"1";"eb1acde0-35b3-4acc-bd36-b5a7037b7f38"
"2";"02f37f64-13f1-44ca-bf64-ef498693c89c"
"3";"221b18a8-b409-4e24-8280-0cdff63a9aba"
"4";"180c6a4f-a411-4ccc-9452-e455aaf241ea"
"6";"2c2f4f6a-a8be-476d-8978-8c0ec5c11e77"
"7";"614c4513-4ac2-4bff-be50-1a35b57ac4c6"
"8";"4bae8c82-48e7-40e2-ad58-040921b56c5d"
"9";"4d9cd7d9-9052-4abb-946c-5491d836d08d"
"10";"2cfdc7bc-aa52-4592-8601-563189d266d8"
"11";"a3584b83-aac2-43ae-a706-4d2f712e236a"
"12";"6014665f-4ce5-41ae-ae3d-e625bdc18f0c"
"13";"0b0c0ce5-2266-43dd-b6bb-b2b4b39be70f"
"14";"68c743b9-031f-4784-bc19-35575d3d3cab"
"15";"b6983ed4-fdc3-48e1-ae61-a5e94a6fd799"
"16";"2f535afb-7588-475c-b8fb-07294acccaa2"
"17";"ff15d5f2-13a9-4f05-8d45-a171e445a411"
"18";"c6558d82-036b-40e2-a6e1-a47e1d2d5574"
"19";"692828bd-a266-4181-a2ca-eaf405f0bae9"
"20";"1b95ef05-1893-4c87-96a5-11a4ce4afbf4"
"21";"2108ed4d-a46a-40b1-bf4e-00fe3e1396b6"
"22";"9767a085-f441-4ac0-8d0a-8f21b746e11c"
"23";"bc36748f-0d71-4868-bad4-14d7e8590d41"
"24";"9995defc-83f0-4986-8034-37a351c9d8f5"
"25";"f7364155-0fe7-4151-93fc-7859824e92d7"
"26";"bbd931f0-f3ad-4550-b1cd-862e4b70cc03"
"27";"d8dc9be8-e8d6-4d07-b941-e743562a9227"
"28";"33c5a1ae-745a-4bce-856e-d77f7ad1f42a"
"29";"2d3c0c9e-aa6c-4601-8e7a-bab74bdd95c4"
"30";"47e74a7e-7066-41c5-b1c5-5cd6da79eec0"
"31";"b11f69e0-5b8a-4960-8b2f-7b5bb9b8d38d"
"32";"0d529701-f09a-431e-b088-97b4df737e37"
"33";"ec5450e3-c4b3-422f-b4a0-3df8bdd85401"
"34";"41b89bbd-15a9-45cd-8427-b5a4e5f23538"
"35";"11bdf643-05bf-4ff5-a158-869799330e35"
"36";"2bc73492-2383-4fc6-b5d6-abb97f47d9c3"
"37";"e4885005-c02d-4ab5-9ac5-6234f486a46f"
"38";"6b366d48-1ffe-46d0-a641-79a77e0ee7a5"
"39";"b0ea48e1-5b5f-4b7b-8e3e-c6d7fb2abe43"
"40";"18c51def-54d8-4897-af01-af9dbc08acb1"
"41";"26faf078-382a-376f-b707-398949a0e56b"
"42";"24bb9442-717c-4932-95df-35fd499e5982"
"43";"a007851a-4f80-4990-9378-5ba57f692acb"
"44";"f62ec96b-13cd-4147-ab57-7a9231849c53"
"45";"48a36cde-f6a9-4ef5-ae36-8236f910cf7c"
"46";"90ae0bbf-6180-4efe-8e04-405bedbe4bce"
"47";"44071ee8-d80e-4149-83d3-3f1d54189a1f"
"48";"25184881-4fc1-4df3-8fdf-bccf0e5e6130"
"49";"1d2479b8-43af-41b1-a1ed-bb3fca2dfcaa"
"50";"0ed8c55b-1c54-475e-8dba-4311b5e87a97"
"51";"86cb5b3a-c988-41b5-8ece-3502d60b2108"
"52";"3bb357d9-7a08-46a2-b4b4-38beb6644606"
"53";"a31c02ee-5f62-4b9d-b576-2b02c5e4d750"
"54";"5dacb6f1-b2b2-46b0-b6b0-5b4d5266cec3"
"55";"6465de7a-cc4d-441c-b0f6-e2c2532a54d5"
"56";"0d95b8a6-da0f-4a71-8507-f7e5c6e19a5a"
"57";"6175eb9b-684f-4a75-bfd8-3adc95623123"
"58";"009a9e97-0097-3fa8-ac85-3d67d6d5e06e"
"59";"13cc1450-f3b8-4f91-aac7-7cc95ef64b1d"
"60";"635a5269-8ef5-4190-89c6-358704cc61bb"
"61";"694b0bf3-f5c6-4161-ac75-ca30b734c475"
"62";"7c311912-56ae-4c8f-bb70-51aad759b43e"
"63";"51d34f71-9543-48ea-8782-8dea178349bb"
"64";"4fee2897-140f-4fa2-b69e-48b9bcd95921"
"65";"c0f1a1b6-ec3b-4a68-a7da-9a47065389c8"
"66";"d963025f-3f7f-48dd-a403-18b6446113cb"
"67";"3115c325-e4e3-490b-89de-0ff92dfa2ce4"
"68";"b582bab6-5a57-41c7-a611-1e1b67e86324"
"69";"5efe42ee-0020-4d78-b795-8406588e1f80"
"70";"c7995a29-fc9b-416c-86cd-6c56202a5d98"
"71";"7fbc67f2-3fb7-4f59-b762-634d949535ca"
"72";"bae5495f-4946-4a90-bd37-957100353aa9"
"73";"96c9888f-63aa-4f2c-83c3-7c40069f9f29"
"74";"e6f60da3-1d37-4aba-a309-6e65b84ffe66"
"75";"42e992fe-52c3-45f9-98c6-af4e391dbd17"
"76";"257b49d8-fa41-4cc6-bc42-530829f4b218"
"77";"11628a0e-99ad-433b-9259-6de49e72ca24"
"78";"b66990b3-ad8b-4c8a-a64c-1f18a70aa928"
"79";"254ebb7c-6ece-4233-b5a1-5146dbf289a2"
"80";"4932d0f2-35c9-4142-a7fc-8c21aead9bfa"
"81";"69e2100c-4bde-45b9-bb79-fbea21071ac3"
"82";"35eb0866-4995-48ff-9dff-dc5d0a192474"
"83";"337b5c1f-8fcf-4203-b1f1-f0753bd9e411"
"84";"63ae0cbf-eadc-406d-9b9b-f08c22bcf2a4"
"85";"2f1e8de6-f724-4021-af9f-fa683228d044"
"86";"907f6f07-33c7-463b-80e7-42fa7dc3dd59"
"87";"9d58d410-abd3-46da-8859-1a5a757fd721"
"88";"29536b42-b4ee-4478-8699-c7a9296d233a"
"89";"53967218-4f1d-4418-b60f-29ee6ec6199d"
"90";"a59ed9d2-793f-436a-97fc-9df2fc23218a"
"91";"7885d887-36fd-4258-94d3-e59312e9015d"
"92";"590e2dee-cad6-4c65-8df6-17b6be4d63c3"
"93";"82ecec98-114b-47e7-9ddc-5f2dea821561"
"94";"7434ac12-9cf5-4939-a341-76fa90952c82"
"95";"e66cd656-1640-42fb-96ea-7d3c2430c86b"
"96";"2a7efb0f-cce9-41e8-bf09-78ebef089e20"
"97";"5ab19a94-4d11-4f1a-b315-229c041e8746"
"98";"87a6aae8-85d0-4990-979d-bed5f9132b4e"
"99";"50b1a2f8-c43f-479c-8bea-db328da315bd"
"100";"44c22b01-d045-4759-b0f9-e0c30b3ab124"
"101";"1702350e-ff5b-4dc2-9a26-39a850b66c8c"
"102";"4d2183e5-42a2-4b1e-8014-407cf8553274"
"103";"68c223b1-9529-4b4c-b116-98629047ca56"
"104";"0afb50c6-26e4-4d7d-aefc-db90a15c7298"
"105";"651cf52c-e162-438e-bac4-f0be3109dcc7"
"106";"81f18a9a-091f-44b0-bf39-35e2f8f88d8e"
"107";"64faf9c1-193d-4df7-b07c-6280a516e89a"
"108";"953626fc-48d1-461c-801c-446b96efa872"
"109";"45b03c7c-912f-4a3c-afa2-a6c869dabadd"
"110";"06a57743-5331-443c-82f7-caa0c8ecde30"
"111";"e97a4b32-9cb3-4b7e-bef1-2d0b32f9ecf6"
"112";"b135fdfb-0dfe-4019-bb44-4c2dac21358e"
"113";"c1c3d376-484a-429b-8030-f2fb9a631116"
"114";"62b4f2ba-6b0a-4f1a-85f8-f4281fffb6bd"
"115";"6253cbbc-eb34-4b22-aac0-c3dbcfdf9a76"
"116";"70550030-7064-497a-8f6a-8aecb79d7be7"
"117";"9dda6194-8300-4f8c-87d6-41c2f304a432"
"118";"6b209443-4635-4064-9d78-d3ccb9de75ee"
"119";"aa087ce4-d417-45e3-bff0-db21b61e8daf"
"120";"001dc6f0-62b5-4745-bfa5-f9edf136e6fe"
"121";"8c56f423-81b2-43ae-a987-a1bad084e279"
"122";"0cb498dc-8809-41f4-8343-a7c05a638df8"
"123";"1afd0318-1049-4156-ba12-aeb7ed770d08"
"124";"a6b2f70d-9321-4ff3-801c-e7cec65752d7"
"125";"cfe7ed90-41cd-43d2-9a0c-90039fea18fb"
"126";"51506dae-c96c-4d0c-9af0-5e109b4f9b8c"
"127";"421ac599-beeb-400b-a950-a506185f0990"
"128";"10331d79-6ea1-4d06-b22e-4d612a8a2588"
"129";"e0d7ff8e-906a-4876-8956-ec5e7f51dda0"
"130";"c59b8222-2b63-46f8-9be2-bd3cf694fc17"
"131";"9e7dd586-814e-4ba7-ab18-5b3e554b38a7"
"132";"f38d4b64-4ef6-440d-bb31-89301c3ac014"
"133";"f606612f-310b-4742-ab9f-c67cd18bce5c"
"134";"17ff56e0-d7ea-4516-8b0e-9894995b4530"
"135";"0fffcdf3-309b-429a-b34b-f0cbcd71b174"
"136";"a4b286c6-1427-47a4-ac8d-a5cd6011749b"
"137";"35fe12d2-6641-4b9c-a143-143de9967f08"
"138";"09d6084d-9897-47f2-9467-3fcc701cbbda"
"139";"20fd354b-ab87-490d-b6f7-bdd48473f14b"
"140";"4d5c290d-5bef-475b-8b45-17f39ceb3159"
"141";"b63d5dee-3c57-41af-b525-94a9fb780e41"
"142";"139b8f48-e025-4c6c-aaf7-3aa426b75820"
"143";"4afeba69-805f-4e4d-be6b-73fcdab4292d"
"144";"024abf44-0f50-4369-bcd6-ea7017d40474"
"145";"9d194fc9-0f03-4388-8746-418c2b86f5ed"
"146";"71e4a36d-33be-4ca6-bf3e-22d7e7d95965"
"147";"ac0ef007-a6a5-43f6-8b4a-3e09042848dc"
"148";"4087967d-39be-4ef4-ba31-9ea92b7ef3f6"
"149";"f8c3e9d6-c4d1-4924-a295-daa39d9fe477"
"150";"b6fece73-2f87-4881-b816-e377be6756d1"
"151";"695891cf-904a-43c2-bdf7-1982dd94a36a"
"152";"581adf31-525f-4c9a-a15a-2ee7ba385101"
"153";"cc093c37-cfd0-4636-ae3c-6f9017d99405"
"154";"e327aa19-f1ea-4ec9-b450-4ee3d9cfc231"
"155";"933242f0-fff3-4709-953c-569ad116c270"
"156";"d607b7f8-9d2f-4387-be7c-0693d185d272"
"157";"97615e29-dd30-461a-aa40-14f753473c20"
"158";"70372a49-63f4-4ef3-8f02-16322fe52d8b"
"159";"ca0c60c8-fcae-41d2-8735-558cb4332d84"
"160";"67b63dfe-7d94-454b-ae52-91a5364e83cb"
"161";"08e31fe4-166e-47f8-851c-47a49be684dc"
"162";"e39efac6-6dc8-43ea-a1c8-04187a198a20"
"163";"bd2a6877-71a3-4819-b2bb-b373deb3a756"
"164";"7b901ac3-c43d-44e8-b1e4-4bb772096d5d"
"165";"846ba3b2-31ab-42a8-ad1b-837cd6da0392"
"166";"e220a946-afea-499f-aaa6-aacab2464f52"
"167";"78b29f8f-f77b-46da-88d5-fbcce3f81a4f"
"168";"8eef2693-7b98-471a-896e-979f5907b886"
"169";"62cc778c-a5cf-4be4-8202-8adb131582a7"
"170";"f6993dea-3e29-4e85-a3be-11225db6fbc1"
"171";"30bd4a6a-44b4-40d2-a489-889ad788fe2f"
"172";"433666a3-683c-46fa-80f6-2fc869bac7f9"
"173";"b8630c43-4c19-4525-8e69-7304209addab"
"174";"1c2d3f14-262e-4781-a484-d80ee82ef7a9"
"175";"2d1a2dc0-1865-44b1-819c-0eaa8dda2a11"
"176";"cf868417-05a1-44b6-8f09-1d715e027ddd"
"177";"5d77a000-81e2-4829-b5c5-a9c5184882eb"
"178";"3d64f994-a480-4c12-8517-7140eacbb042"
"179";"dd8ee4e7-b786-48f4-89a8-79e2f58a8d09"
"180";"43b7b363-5596-48ce-9bc4-42b3bec8c626"
"181";"5977c1de-dc9b-4eef-aa17-9e13a3438f9c"
"182";"d57cc0f2-afab-4a3f-afb9-b93de2340888"
"183";"73e0b6cc-cc6e-4a94-acfb-328d70e4ccef"
"184";"53811695-5822-47bc-a8e0-8d0e50cecfa5"
"185";"550d238a-ec87-4a38-a3ec-994aa1bbc9d9"
"186";"e9b26c47-117e-4a4f-a982-8f5e4c7050f8"
"187";"47e31ba4-20bd-4835-8520-a1cd6d298c79"
"188";"3f44c037-9178-4471-beba-4eb3f717b8a6"
"189";"a7cc3402-c8d0-4cfd-8aa9-f47f9eca97c0"
"190";"371811c9-6ad1-47b3-b038-9e766387b0ee"
"191";"7616b42f-6720-4a66-83f9-b0ba997a09ad"
"192";"9b7225bc-cb6d-47fb-af04-bb948357e1b0"
"193";"360e595c-8f32-4a58-b1f7-7d4ddcd4d9f5"
"194";"8eb5df09-7564-40c2-bb3a-4a9e5182ea56"
"195";"ee1e7eed-8052-48a2-a57b-2d03ccacdd7b"
"196";"d55df9d8-819f-41cd-884e-7517e3033f08"
"197";"49c8c47e-96f1-4f32-b868-b6e930e1371a"
"198";"fd491d55-6d98-494a-bef6-23919d8b5c91"
"199";"64e97e28-80e0-4d10-bdeb-1b41190c274c"
"200";"4ef8b593-69b6-4c01-adcb-63061f409ece"
"201";"df608e36-c5b2-4556-9a31-24abfb2d4ac5"
"202";"23eb1f11-6372-4dc4-98ab-60103afe38d9"
"203";"d43a4a5c-c611-472a-a55d-9078e75a1dcd"
"204";"86361ce7-5796-45fa-bfc8-12466eca97f9"
"205";"b51ab258-3deb-49f4-bdbf-9369a9acaeee"
"206";"b6830e13-205c-4651-8ff9-cddb137bf1ff"
"207";"071b8ac0-401d-48b0-8899-19bf3e596b7c"
"208";"2538f6bc-1d08-45a4-96aa-ed342e05c6c2"
"209";"e24e31e2-b0eb-4fcf-9157-3fe149dccc0d"
"210";"e15c8c2b-ccc4-4d22-a817-c8c31250b726"
"211";"00112067-ee33-488f-9edf-85af72f62926"
"212";"0177ea9e-24cd-4383-9a7c-489274d26c65"
"213";"43371ffd-7c6c-4c13-ad28-e11e3564b6f6"
"214";"49c93f12-0c5f-433f-a267-6739f9ec9910"
"215";"114dc1d5-a25d-4893-abaa-a405282128c2"
"216";"d271ec03-1387-43bf-b6f7-e61b5ef24797"
"217";"b5faa285-8ca0-4d2e-bb1f-471dcef00db5"
"218";"929f64e8-0984-4c28-863d-14d3252d706c"
"219";"85167333-2e3d-4bb8-b83e-402dfb4ffaa8"
"220";"f8a4b141-b953-4bcc-b75e-6913033aa96e"
"221";"75364344-e3c5-43e9-bb2c-bfa67dfe639d"
"222";"f1d8af54-d94d-4d36-b294-9ac5da23e203"
"223";"b0d805e3-2afe-4e3a-a8a5-3f4f8dfde2bb"
"224";"4326aefb-a4fa-4637-9d64-0d4c0043b1a5"
"225";"325094e6-5685-4160-88d8-0059ade253c4"
"226";"36009c04-7ef0-4d9e-9b40-34ff36a4f2cd"
"227";"99d70ef9-5703-4870-9277-000ed9061e4f"
"228";"d8b75d0a-a6c4-4edb-8eeb-64fd15c859e6"
"229";"636a4baf-9a24-4dd6-a507-4a6d6a2d81b7"
"230";"ea2f2e4d-7f4e-4345-852d-5f1054ab6bcf"
"231";"1f27b00b-b078-4286-9f0b-2fb0bd516cff"
"232";"eabf3c1f-89e8-4d75-94a7-10a07d376712"
"233";"e2fe0b13-b531-41f1-8ed2-4e9eb6573548"
"234";"0db4bf16-5694-4f90-ba48-298061bba63f"
"235";"ddd47d36-6aff-42d8-8845-20f3bd37c3b2"
"236";"800e1e2f-e418-4872-8c2b-511f7104c8dd"
"237";"fa665903-9354-497b-b40e-ede6e0e0176e"
"238";"61784ca8-f1a9-4cf8-8452-b5c7076a6fc0"
"239";"d8e9758f-8757-41b7-a547-a73854935501"
"240";"13aa5a08-6045-49ae-b37d-5ebde60760d2"
"241";"2a8e24f3-3d0e-4360-aec7-964d50be992b"
"242";"32a52c02-65c7-4039-9d6b-7a1cc1f60576"
"243";"b56fb548-8158-41a5-b465-9bdef4832f75"
"244";"36d5abcf-44f6-4888-bab8-5b999dfed1b0"
"245";"0ace9b23-934d-4b58-a749-f0f33b883646"
"246";"3cea6be5-be02-4911-b58f-178162810992"
"247";"07d53ebe-d74b-4c3a-bb03-7a9efe434b56"
"248";"222d5f03-91b3-4579-9e25-7cb7accf08c0"
"249";"4a26b886-4c5b-4fd6-bb7c-77e093b6d32f"
"250";"c2174e3e-6c49-4262-8965-36a173a9ebc0"
"251";"39df3094-f91b-4c4b-aa96-b1523db67172"
"252";"e213175f-dfcb-42a8-986f-3452c44214c2"
"253";"67678102-7a0a-4bd1-aa78-2ebb1f114aca"
"254";"099f7825-5615-485c-ade1-be72c0deea99"
"255";"2ec964ee-308b-4ff6-8e8b-6c1655b1e907"
"256";"154f4c86-def7-4059-95bf-d8af0e770e67"
"257";"5a3fe36c-5954-4e6f-9032-1974793b2f00"
"258";"8daf2bfc-9341-4f14-98ef-eaadfc139ebd"
"259";"08b6a314-4a6e-48f0-918e-9e4aaee8c2e4"
"260";"808dc911-8b1e-49bd-a01b-eb01a2fdb811"
"261";"213a3a2a-2e5e-4baf-a773-756b8121d105"
"262";"a7a800d4-9efa-447c-a8a9-1cf9a7ef0be5"
"263";"89ef2835-9396-4740-8117-538ff2f26e9f"
"264";"8567aef6-d979-464b-9e46-1dd664cd37dc"
"265";"6e680b82-fa31-4342-87b6-1c306d4fb90c"
"266";"647068db-4ea4-4ae5-9782-f0b4b38f98cc"
"267";"4334eedb-4b67-4804-8b7e-3ecb70836eb2"
"268";"846c4fee-976b-49bb-9b2d-cced5736a47b"
"269";"2938b971-8331-4540-bff0-34a0f297ac83"
"270";"fbcb54f8-6b3f-45f0-8533-99511d79c058"
"271";"40d3d03d-ec8f-4862-a74c-f4bd8253ba69"
"272";"6c8d3304-3f34-4dda-a8a8-4e4ddef0bc72"
"273";"7c14afc2-3f2b-49f1-8471-30d00ec32a23"
"274";"57f5e928-5400-4b13-8377-31fdc54d204f"
"275";"421710a8-1814-4520-9f26-025c564f95b5"
"276";"6b3c30b7-c03f-48f6-a2c3-3df02da3b12e"
"277";"7e8bf5e5-7536-403b-8eb8-3f4f6654a380"
"278";"c2a66b16-3fc6-4631-8fad-0e2cb9bf88b8"
"279";"8feb456a-cf6b-4977-a755-83fbe613e8cf"
"280";"742fdcb4-4203-4343-9ed9-051f01f255e6"
"281";"a0821954-681a-4c4a-bace-02ef0389df67"
"282";"ab5eb4b7-e8b2-47ad-92c7-52057060ee85"
"283";"5185787b-d182-4702-bfa7-80d617c8cc52"
"284";"00ee87de-e714-47ed-8197-314d43d5a6ad"
"285";"7d27f4e2-166e-4a80-aed2-7b149b72e311"
"286";"e47582d5-02f2-477b-8762-0b31ae92823e"
"287";"85cde815-3e46-42aa-9f73-0e6747768167"
"288";"6e709b21-50a0-43ce-bd76-afffe3c792f9"
"289";"1358b58a-2e4a-4c07-8694-922b8d8f42e7"
"290";"a16e6884-5bb0-4bc2-901a-fdf6adfaa6d2"
"291";"0b782c49-b933-4478-b274-b0e7bf1cc40c"
"292";"9c78e227-cedb-430f-b737-f1ea6bce6fa2"
"293";"d69b2786-2278-4f0a-bc1b-6ce0b71fb7bf"
"294";"77c5786e-afb7-4f4e-b886-bc2096c50c82"
"295";"63632cc0-370c-4f9e-90e1-cb8c0e88b8a0"
"296";"e3299e1c-c4ad-43fc-b574-63dfe8965cf1"
"297";"87f3570e-c901-47aa-9158-c18a5a31bd04"
"298";"2bda7e07-e0e0-4a3e-abe3-eef508453499"
"299";"644ce310-a9c3-4f61-85ae-0bf091c161ad"
"300";"4f334065-afbe-49cf-9c53-da39fb3f0f68"
"301";"29f224ac-498d-4dcb-9a07-22b1293288ae"
"302";"5c48404e-41d9-4ca0-bec9-82fbf7448a10"
"303";"a9e90261-69e9-4cab-8c84-5aacacfb11fd"
"304";"15804658-f932-43a4-a50b-fc0151c62cb7"
"305";"82eb1018-4870-4693-8180-26546993686b"
"306";"fa2ff295-fc7f-423b-860b-44764c83e74a"
"307";"2a557d25-0b98-4cc6-9b0e-e9f9903c0fd3"
"308";"1d53b0f7-d551-4d7f-b2b3-030592816f1c"
"309";"bdadbb9c-bc6b-449b-99b1-849407a62019"
"310";"d518fbc1-5c88-4068-8ff6-1775fe0206db"
"311";"e517d946-2933-4176-b57a-9cca2beada94"
"312";"5b4a410f-8891-4be1-bdec-cee30e393e24"
"313";"1aa2fbaf-ab03-41e4-ab01-521670f0bb52"
"314";"27d10ee1-3047-4b25-9ad5-dec2d4a1945a"
"315";"8f6c9e29-c084-4196-933a-d31901910921"
"316";"6cd476e9-4d44-410e-a44f-45b420d5b548"
"317";"0fdf6ffb-0c06-440d-bbe6-860ae0503f7d"
"318";"03cf7754-fa7c-4c13-9085-0b46aedb1d42"
"319";"51b27572-2ac2-4fbd-bc6e-935610be6107"
"320";"3387ca3e-f676-4829-a391-f7744230243c"
"321";"0e32a277-a975-4b9d-aec0-01cf922e9e63"
"322";"76228ca1-0a4a-4a75-859c-4c12c6cfcb6a"
"323";"6ca47049-25e5-4e99-9508-756dea1d7dbc"
"324";"2edc3ca4-99a4-4993-9ea6-40ce2134e34c"
"325";"55c91deb-31fb-4cc1-82d4-a72e9fa11945"
"326";"4be06f81-273c-4198-9f83-23e39069fca6"
"327";"0903c1ba-7643-47ad-8c0e-00b5c5eab3fe"
"328";"295adaf2-7767-489d-9bde-1b065ae317af"
"329";"b4bb8b8f-2d9b-4bf1-b0ea-0baced12a31b"
"330";"061731a9-1f19-4dab-b480-acc7aa48078f"
"331";"4807382f-de45-4d5d-934e-78fa23c7a58e"
"332";"c94f6a45-d3e0-426a-862f-c4d39224c476"
"333";"addc312e-3c20-400e-bbd4-69946bb82a2b"
"334";"f4fd86f6-ad5d-408d-a09c-67b8da6d7441"
"335";"76e85923-4717-480e-ad0d-5d7ee4f361d9"
"336";"3ff1f8f9-b1b6-46c3-9714-ee00f7fb2aca"
"337";"c01cb1d6-8f90-4893-933f-99755c87f019"
"338";"a4a205f1-ac90-48bf-913b-8e38200ff6c2"
"339";"358818df-ed4e-43b9-8f34-dcd513934d50"
"340";"e1da5fc5-79de-46ff-89a7-10791e2d70da"
"341";"de8a4f16-51e7-4fab-8e86-e9217de14033"
"342";"a520ec12-f9e2-4531-9740-a20c9210265d"
"343";"c9d15ca6-acb1-485f-9d88-e1c80b55d270"
"344";"df873cab-052d-4eef-acab-4482b4f6e30d"
"345";"7f15b953-a545-406f-912e-dfde6f59d5cf"
"346";"7536b4fd-fac8-45f4-88b8-c3cc6a5d2901"
"347";"138015e6-bea7-4524-b3d4-c85a2c9e58bf"
"348";"33030768-eed0-404a-bd5e-af6950546211"
"349";"ac493286-8f03-458c-b8c3-63df8bbb88e0"
"350";"45ca1775-2680-4ef6-a288-3bb50f4b6f6c"
"351";"82ef9946-b673-42b4-82cd-e82fe5770f6b"
"352";"098d397a-6528-4a84-b282-14d19c02e647"
"353";"3b0adb5f-a8c1-481d-94af-9507ab21ec57"
"354";"71bb9404-e05c-4be3-8f13-f414171a0a39"
"355";"023f59f6-3a69-4b6f-9111-b74c9a97cfb7"
"356";"b26b8cc6-b0a1-4f37-a0fc-a4212beef9c8"
"357";"ec4902fb-6864-4a5b-b159-b56d1e65d21f"
"358";"58497c41-1a1c-4a5b-ad00-1007708daf61"
"359";"2e6cf36d-4299-4e88-a5c8-95c34f9b59f3"
"360";"8ab4492b-37bf-4fa8-a8c2-29b98a4e4ac5"
"361";"85003784-3853-40d7-ba74-9b8470d8f3d9"
"362";"5f6877e6-7a1f-4597-8c4d-b4b8e718a147"
"363";"cac67213-68f5-4c74-9d45-6b694a1e9dfa"
"364";"a9ebfee8-d9a6-446c-9eb9-da5b77e6f26e"
"365";"00309c41-3bd8-44f6-93e6-a04e2766a6b8"
"366";"58dbc2a3-d37f-464a-8144-2d54cb738424"
"367";"c223769c-8797-4f9a-9176-75b94851edf8"
"368";"acbeee6a-ba88-4914-85de-683cdc286f79"
"369";"e02e4ad8-ea94-40ed-9639-ee78b3053231"
"370";"ec9abb2a-061c-4f3f-b1a4-b833a49880c4"
"371";"af008090-8bc8-4201-bb01-384a83d262f2"
"372";"28de27d3-016a-4675-8f84-9f4199ef7f8f"
"373";"18e4ebe7-8117-4013-9e1d-6c4bfd9e04c4"
"374";"c851b848-f9a1-482e-b9bd-41abbc40b281"
"375";"f500c435-cd01-425d-8cce-ab5a4eb481bc"
"376";"2cee4d02-5b01-438e-9d33-f02fa5d13e1e"
"377";"97826d04-a93d-4d57-aa52-e1a878c03cbc"
"378";"c109a7a7-3fd2-4041-ab9c-30adafec68d0"
"379";"5f89f9a1-ee8a-41d0-895d-7efe588c85ab"
"380";"63cb778e-ce60-4253-bb60-7dfe353a3d9c"
"381";"0a9aeb19-41b3-4084-a42e-4d3ffeb942b7"
"382";"19382cef-c433-4f87-af71-60655da4ae8c"
"383";"9cb28b4f-c287-4712-b436-d9fa1c350ba8"
"384";"2524be1b-75c4-448e-9bad-7b152d37b575"
"385";"572bec72-2d3f-4b3e-bf64-580a956a4310"
"386";"766bd849-50a2-44b4-89a7-64595f940941"
"387";"d7aae96e-dfb5-4928-ae29-5fc204965705"
"388";"25823231-3fba-48fe-97af-76edb3177b75"
"389";"e3729df3-71ff-465a-8dfd-8fea203eedbf"
"390";"4937ef67-e1dd-414a-a5d5-4b14572889d9"
"391";"f1c8ae2f-ee9f-4682-b6d9-ff5178fa8521"
"392";"ddd76c1b-880a-4288-9ba1-e634f86f5cb9"
"393";"4621c645-73e7-4f8f-b083-9c30e157806a"
"394";"18be3a6c-ffca-4d9b-8a63-6689f815aefe"
"395";"861fa4ae-1b3d-4c67-a38a-4f729c231c47"
"396";"362900b0-e046-4c34-beb1-eb2ecd3bff64"
"397";"6712fb40-ea50-437b-97c8-17dbe18a5072"
"398";"2469b66c-4176-40c4-bc10-a0cbd7f6853e"
"399";"1891ea6a-a2da-312c-89e7-a4bdd3cb7a73"
"400";"27afaf4f-6c37-421a-9cd3-41d9e29957d6"
"401";"e187359c-f47b-4dd8-9172-565be0893c10"
"402";"4300783a-2dcb-4472-b04b-a915fa6e6715"
"403";"7267c90a-1dea-4cbe-9cc3-fa05141b0659"
"404";"ca7aae58-1aa0-4736-adae-75d1ba0257e3"
"405";"631433b5-f04e-40b3-9ccc-e61cb92b30ea"
"406";"d2f9971f-04a6-45e8-9096-c3ce4e728f02"
"407";"f7176864-406a-4ac5-a67c-f27768588059"
"408";"c1d2f621-c5c1-4bc6-acf9-440192654421"
"409";"65ba2f38-3e3c-4f8f-abc2-45d721c31b3b"
"410";"1a875005-f7eb-49ae-a20f-c66b5cc547a7"
"411";"a367f039-e07f-4676-ab10-906f2535839d"
"412";"60274e59-1bc7-4cf1-8b20-a431b4fdbb4c"
"413";"67d9a907-aa92-491e-b62c-c73fe631b5c4"
"414";"b09d0474-a3bb-4a22-8e27-f17255b712a4"
"415";"419220a5-5c9b-4cfa-94d3-a71e876cf4ba"
"416";"6045fbc8-ffc5-459f-a15c-a5f56e4c9e79"
"417";"5f2e6965-193b-4773-b127-9f54f5215081"
"418";"67d1794c-3f63-4ecc-8726-b24be214a3dc"
"419";"d6a405be-c6cb-39ed-85c5-2df9884acaba"
"420";"01b7cf0f-85f7-4b46-baed-1387161b9a9b"
"421";"b1fe7b90-696d-4935-b878-0634d19dc14f"
"422";"62bca70c-e323-443e-8c99-e25942b66461"
"423";"134d9dae-6935-46e3-b8fa-e057f9ca543b"
"424";"7fe7e15d-6f84-4929-a7bc-3f1f3029ea56"
"425";"c8112b05-3a9d-437e-818d-b940dd1d0b0a"
"426";"24047671-2d4c-4622-80fa-5fc7316aca1e"
"427";"f558412d-261d-3d14-8005-6a2175ea109e"
"428";"2356f510-d5ae-4cac-aa15-3d2db95b684c"
"429";"2be90de4-791d-4799-b70e-0f0891fd4871"
"430";"9c704f1d-f239-4558-a0a7-f6f63a5cecc4"
"431";"5f5aaf10-36a4-3dfc-a7c1-c2d5c2286647"
"432";"402d0a4a-a79f-4d0f-aa29-5160f9f7020e"
"433";"8873ecbf-1fea-4391-82a9-802cd2eb60f5"
"434";"4ab3f2c2-1ed3-419a-9eca-9af1f756f806"
"435";"90420174-27f7-4f89-8702-13dbc93c3e18"
"436";"875fafae-b1db-47c2-97e5-74d3783a02a6"
"437";"0a939f24-e439-4ad1-ad4f-e4e511212795"
"438";"660ba274-eb83-48c1-a1ef-fbff0ec53a12"
"439";"6becaafe-4789-4d1a-b5d1-b95752c9d3e9"
"440";"3d672555-7635-4c5d-bfcd-3bad49d0f5b9"
"441";"5b5a1a1b-a630-42dc-b8b2-d879bc2295e2"
"442";"538afa9b-0eb8-45c0-bde6-3d50dbae3d5b"
"443";"2ce2ea01-22ca-4846-986b-b168c8985fe1"
"444";"3f763ed9-874d-45ac-929a-3375a9544eb6"
"445";"911f7881-ca28-4a2d-b5f3-9110449b882d"
"446";"e94fd4fd-8790-32e1-926f-752de1b0027b"
"447";"c101d57e-404a-4935-8539-5272fbfee22b"
"448";"6d1a0622-5662-4247-a07b-f3a434730109"
"449";"e2768b9c-2228-39e5-a301-7aa9da5f1442"
"450";"38007dc9-5b9c-48d4-9fd2-076736508271"
"451";"5d2f9940-7af6-4eed-b0a1-587a8ba2c749"
"452";"6bc5fce5-2fbf-4ba1-818d-bc3996110dde"
"453";"ad0e505c-efcc-447b-b29e-abfc2c36a161"
"454";"982cdadf-381a-4aaf-b117-ab685c67215f"
"455";"83df4001-e582-456e-9aaa-df326b604d42"
"456";"4fb7c97c-c558-3bef-a7d9-6b0366d7441b"
"457";"cbcfd4cd-9edd-4efb-886e-4fc0cced9142"
"458";"6232be8c-5425-4127-afc1-708be4b81847"
"459";"1291afbf-25ea-4b07-8dab-7720694abadd"
"460";"f8eff94e-69e9-4eed-a4ff-f155340fe388"
"461";"e3547b9d-8c8d-423f-a586-191e2fe698c8"
"462";"42d841f6-aa8f-438b-be75-293494afcd87"
"463";"77ed9b0e-7ef8-42fe-b861-9b8d1a7c4c08"
"464";"a71d8760-b8f7-4356-a85f-f8202442e5f3"
"465";"9f7f4d9a-0f07-4374-99a3-0a5b37d94d13"
"466";"9aa9a216-0653-4629-b450-4ea9eb6a8ba9"
"467";"9895bdb8-c953-4fe7-9002-061890ef2fa1"
"468";"3cf25b09-6a6c-45d9-9721-022b6bcb4a2e"
"469";"0726a142-ea27-4610-a660-ed1b915502c1"
"470";"cf9e4985-4e91-4888-b851-5f9691b59931"
"471";"a57ab750-2934-472a-9748-e1d4021f5ac3"
"472";"03a54bed-76b8-4b91-8fb8-9185243ebaa7"
"473";"2a564035-1080-423f-b003-759860f1dd78"
"474";"119c3af8-f649-491d-a219-ea8df4485106"
"475";"42266b93-d1ab-4b94-b155-b2e2c4f241d7"
"476";"bf388277-8de4-4d73-ba21-8cce9398f913"
"477";"fe57c8ec-79ee-4b1b-b2ad-446643003565"
"478";"689f26cd-b624-4bd2-a1bf-fd327f65f07b"
"479";"1515148d-f750-4d0e-be35-ffaf2abc30a3"
"480";"b71a0f31-c12f-4548-a9f6-740f737abad1"
"481";"0b7b7553-1492-49f4-b8bc-3fb482fe4ab2"
"482";"9b1c0003-7de6-4620-ab57-cf6cd03bb269"
"483";"710a1e4f-7207-4b06-82e1-96f926c9076f"
"484";"51a71c26-c098-4fd9-8cf1-f51638b5fd20"
"485";"7ecb520a-f550-4e7b-9af2-aa809d9fc9cf"
"486";"33df508c-d3d1-4103-857d-4d146d1efe8d"
"487";"bb538d21-67b6-4766-b935-7286e4d3990b"
"488";"2f56f8a8-1f58-4c0d-a264-2dcbad36b648"
"489";"1fdbc73f-ad25-4a05-a9a6-6fd292b5d3ad"
"490";"7d199f84-894f-34a3-a4a5-374ca72d697d"
"491";"38e9c050-9a73-4554-a984-c20e41282a7a"
"492";"60186f6c-bc07-482c-bebb-546f0f8db711"
"493";"899ff44d-43e8-4d8c-a0ae-09447fccfd65"
"494";"a7d59a07-0b66-4b4c-adeb-57dbc879da3a"
"495";"9eff1022-11af-4f95-9ac4-52218e23cf95"
"496";"d18e9f2c-5245-47d7-a335-356a2257bb67"
"497";"19e222f2-e35e-43ab-97ed-6218521acc7b"
"498";"16ed9dc4-5341-4161-a96a-647289f62af3"
"499";"629081b2-6dfd-4f24-bad1-f366a4308dad"
"500";"647e1244-c36b-412d-a596-d9de88aa13d0"
"501";"17313ca7-d200-4f04-993a-eaec731083b0"
"502";"699e12ae-4067-4c4d-a6a8-49f973d0b8fe"
"503";"7fd0a0bf-6571-4a87-ad32-a83dbb752dc6"
"504";"67df914c-3a17-4db0-b588-b810a6552099"
"505";"6f89d1f8-722a-425d-8747-848bb1506267"
"506";"262dc55e-d4fe-487f-bc31-50c040c098d9"
"507";"75674ceb-6a6e-479d-a1f7-ffbba8d7c0f3"
"508";"06c769e1-f3e5-4eac-b1a4-0bea2ede714b"
"509";"186977c2-73ae-4cfd-a59d-2380b3c6d6e6"
"510";"24868a41-12af-4a5c-a0a3-2d4d954feb63"
"511";"1bef569e-c09f-41d3-b104-425221053461"
"512";"25d11ed5-dc55-4e74-b84e-fb9b7a82e855"
"513";"abcc7f49-be58-47e8-ba59-ea16d0b5d4f1"
"514";"7e889023-de9f-44b3-9c1a-2c12214a80a2"
"515";"0b041e25-e0e9-480d-8f65-b7ac56ecf3d4"
"516";"86961762-f0ae-4710-9dc3-6b0ce2e4b416"
"517";"b3a1505b-0121-49ba-b2da-d1979c886469"
"518";"f8a7456c-bfba-46a4-ad2b-943065e32596"
"519";"d77f24b0-0631-4e20-9279-90b66ffa108e"
"520";"efad6736-9c05-4444-9cb5-48198bf3dd03"
"521";"2e31f7ac-f636-4d29-b9ec-e4e9a093e300"
"522";"0a59a633-e99b-4fc0-b257-cc85d7f5d111"
"523";"0653ea23-f0e6-4708-b090-d9afcb4ed7c2"
"524";"0c6643ad-d4d2-33b6-bf59-48dd884f29e3"
"525";"f71a8ef0-7cf6-4737-a6de-1f405a7b795a"
"526";"8953f25b-6c3e-413e-b286-a66a58c468ca"
"527";"85cb4213-ffc2-38b1-a256-bd6e5ce2e0af"
"528";"773c5046-72c8-4f33-baf4-df2b8d1934a1"
"529";"6c1a40b3-ae40-4212-828b-048fa6d556b9"
"530";"16ef6972-d4fc-42d9-95b9-6b404584e3c0"
"531";"1f01500c-57f4-422f-89f9-41a807fca389"
"532";"5bbe21f6-3309-4e5c-b375-53365d98c3d6"
"533";"970985c7-1ce8-4dd2-ade7-c7e1ea500a10"
"534";"efdf890b-838c-43f7-b402-8ebbad5fece8"
"535";"c791a185-8440-4ee9-a632-fc5562081652"
"536";"7c638e26-f472-4f5a-9ebf-892800f98c1a"
"537";"2b05681b-e52a-4cf5-8919-40fff7c7e001"
"538";"103deeb2-48bf-403b-b88a-9b4a1dfeb825"
"539";"c8d87fff-43cb-46fc-aaeb-4cc4f5689422"
"540";"a0d9e504-8143-3808-9575-383b9a3914f1"
"541";"240b6931-2fa3-40e8-bdf4-e3be0a630b9d"
"542";"88e54987-de4b-3101-943a-238016016134"
"543";"73f4f206-fb28-4d22-a20e-ca9190c37958"
"544";"412546f3-153c-4c1c-a1a0-917814dac915"
"545";"67244595-b9b2-311a-af75-8cd542f8fc36"
"546";"bf46850e-5e7e-4d63-ab83-90ad6a8124c4"
"547";"8e505839-ae9b-4a12-917c-451a983f0209"
"548";"0d6886d2-fc6b-4ca4-b21a-6c9ea1d46dc0"
"549";"28c4de05-f569-4be5-926a-b00dec2b147d"
"550";"04522192-a569-39ba-92e0-d465ddc9d467"
"551";"31e997e7-1b43-4245-b455-de9d3ca2545e"
"552";"a761d91c-831b-40f4-96b7-f17126efbf91"
"553";"6e0b8985-ab0a-401d-af61-fefa738b950a"
"554";"337f2961-bdd0-4ffe-a57b-2bcf15dbfdf1"
"555";"c8b7e81c-cf6c-4cf5-bfed-71cece74d463"
"556";"21c0fc9f-54dc-4396-a6ff-7dd8bf9238fb"
"557";"8db8c3ba-1ff8-4676-acf4-0590b7a28901"
"558";"e5262a5c-9b26-45bd-a1b2-5cd89d671a58"
"559";"10dd4280-fe6c-33bd-8f19-0c40f305c774"
"560";"fe9e94fb-6a42-49f7-9237-a5d4a9d8125f"
"561";"9ffd5409-5d09-467f-b507-df04cf4dfb8b"
"562";"42b54f1e-14a2-4e2b-b64b-61c217a80564"
"563";"7fd41502-175c-463f-8463-05c3a3e14f5d"
"564";"b433ded0-cff7-46c8-97c8-32cc67f2d843"
"565";"3cb4d372-4a34-4a65-88d4-a90b44adb2c5"
"566";"2bbdd4f7-ae10-47c6-87c4-5ce0ca1eafae"
"567";"f52448a9-3d91-4c81-a5d2-d76822940c9c"
"568";"d44310ab-3b0e-3622-868f-03cb198da732"
"569";"534e9083-38f1-4757-bb37-5fea976c8c19"
"570";"1f86b8aa-db60-4e4e-9aa3-fa74597b2f7d"
"571";"33620140-e22f-4fe7-8215-481b995c92da"
"572";"270fcff1-5b07-492a-9e97-437ba6499cf4"
"573";"06697697-6019-31eb-b5a0-f7bc3c861bbe"
"574";"9ef0f8e7-37b3-4f99-a1f5-014e226449fe"
"575";"ae07b909-9d14-49e8-b24c-0cd57a424563"
"576";"ad220cf2-f191-486e-b2bf-07194a5f6934"
"577";"5841ae1a-0b58-4e4a-b14d-11c409b36d55"
"578";"172eda82-5ed2-489f-9571-9003479c6982"
"579";"929090e7-d6dd-4b21-9614-01340e98507a"
"580";"0e6a33b2-1adb-4e45-a25c-57ee1f631302"
"581";"99238457-9a6e-4950-aece-fd76c97a0862"
"582";"785d7c67-a920-4cee-a871-8cd9896eb8aa"
"583";"2c8ff312-a1ed-4ffc-a58d-6dc562ab444c"
"584";"b75d84c9-0c2a-4f3e-80e3-8c385efd63c0"
"585";"07a1dbe6-c405-4708-a541-f3def00ae1c6"
"586";"d1bd5b2f-5194-4699-829d-f85233dce530"
"587";"f6d9bc21-1aa8-40b0-812d-247a35e18ebd"
"588";"1ea58257-9d81-45d2-ac31-347be65a2e4f"
"589";"ed50ad78-93b1-492f-ace8-e9b2e8d5b203"
"590";"e2792526-11e7-4ae9-a133-3a1aca7976c5"
"591";"f935c547-74b4-40d9-82e2-e385c7855657"
"592";"3ce32608-03ef-44b5-b1e5-029af513c6e3"
"593";"d7423454-8eae-4d51-b634-9dece0a52cd8"
"594";"8b81525b-7fd8-4cd8-b9cf-c4eb0040804d"
"595";"a10305d0-e335-4205-b4dc-3cd87267118a"
"596";"3f9c7938-bee0-4069-82e2-75cb0b3d8001"
"597";"609451fd-c0df-4e21-86d6-eec231136520"
"598";"d608c081-dfdd-405c-ac27-d4b7442ad649"
"599";"10051797-37e2-4bc0-b8f1-ca8f7409c472"
"600";"9ced3ffa-29d4-4f28-9a29-3317c635511c"
"601";"acdeade8-8a89-4923-a567-94383172ab58"
"602";"696f71ea-ef11-47b2-aafb-2dda1c1e33ac"
"603";"3d6afe78-519e-4479-af7a-12c444d9323d"
"604";"44a066ab-5c2c-45aa-b3df-cb479668946b"
"605";"576b858c-a9c5-4dd3-bbc4-a0c0b83089b8"
"606";"f02d7d16-3652-4d05-9203-3a2da97c5ef8"
"607";"98a8d6a9-4bf1-47dd-8218-53b9bff99f1e"
"608";"0a35ec00-f308-4b77-b56b-e4c192ca54c4"
"609";"1fbcf3be-580c-4631-a5cc-94883378a89d"
"610";"e0221650-8464-4c34-bbc6-d15715682da5"
"611";"5e5f9480-5a26-3136-b66f-b63569abeea2"
"612";"880e31b1-2e4e-4841-8ea8-864fd276f651"
"613";"34fc6b6e-15f3-4062-9fe3-b7b3062a7e03"
"614";"1a31f714-c4d6-4cb2-a926-c3238694da34"
"615";"8df67ae3-3ea3-34fd-8ed1-4a8e9a75cf5d"
"616";"b75c655a-bd01-4251-bf9a-4acb34cfa627"
"617";"28bc40d1-d01e-4a10-a136-c3489efbee93"
"618";"cae3b160-3af3-4807-89a6-d29f1a2b42a5"
"619";"fe39f1a3-b828-370c-9308-e96fd208d483"
"620";"c03b8cfa-18bf-4ac3-8f36-015dd2e129ad"
"621";"baa0521d-0bcd-4281-808e-c1887bfe0c1c"
"622";"2cc0870c-80cc-4e4f-baf8-b1a794ccd263"
"623";"f941a1ee-a3c5-4edc-b3e4-d91dd8a5235f"
"624";"52711131-54dc-3d9b-9cc1-1e8cd8bfe928"
"625";"f05567cc-6ed3-40e0-bad1-7812478eecbe"
"626";"35d8fe07-8da1-4137-b0de-9355405b93ee"
"627";"d852f54a-eda3-4607-807d-545e697bc879"
"628";"fba4f837-d8d7-4322-932a-512222bd47ee"
"629";"7562a525-b79d-4a6b-b7f1-c807479e6960"
"630";"6c8af7eb-96b1-439d-b6cc-6f06cac01c47"
"631";"0d498a13-59b9-455d-920c-d9e62ef8ed6c"
"632";"30625a5d-5ceb-4fb6-bb8c-ba82e279acdd"
"633";"6d5a9fcb-41fe-4bd2-a4d3-bf5fb7167709"
"634";"55e67f8a-5897-4987-b943-f437bd2d87d3"
"635";"6e9476ba-4624-337d-993b-eef436548857"
"636";"1fdff2a1-1bdf-499a-a50c-e5d742958094"
"637";"41606d7c-1d0f-4af2-ac36-239da4bb1d28"
"638";"58f3f2b7-80c1-4bb3-9828-b7ad99237a0e"
"639";"705ba981-d00e-4ad0-ac65-e78375b51c7e"
"640";"6a9446b1-9f3e-411d-874c-c50b65cf21a9"
"641";"449e96f9-fc39-4faa-9434-24e578ad21c2"
"642";"7277b02d-1ede-488a-9718-78fe8dd01dc7"
"643";"371be939-9b28-4682-9e1e-eeed75ed24f0"
"644";"564a868a-aaff-4396-a75e-f27613dc886d"
"645";"8cd145f5-a5f1-44e7-b4aa-6951dcc57952"
"646";"d379a2f3-b40a-4f71-93d9-af90f5bd369a"
"647";"8a3e2334-a31a-35c8-b641-3bd03bf447de"
"648";"deaac2cb-1514-4db1-982d-4fab7fc80039"
"649";"9f3251da-4990-460f-8e41-5ed63cbf3a89"
"650";"6627748f-111b-37a3-a0e6-e7a4c53d5f89"
"651";"a60da6de-b86e-4a94-b5c2-cd6e5264f7d4"
"652";"b8334742-6bfc-3e0b-973c-705152f842fd"
"653";"4a441628-2e4d-4032-825f-6bdf4aee382e"
"654";"25b2780a-ce4a-34bf-a496-374c14d4f983"
"655";"2955b680-bc7b-3397-b169-27094258d2db"
"656";"63241ec1-d91e-4d76-a951-d47b0ec33d54"
"657";"cccb93d6-4aeb-4831-9268-3d517ccc4215"
"658";"78ef0ba9-e9ce-45ea-8445-4d116ae5f155"
"659";"41bb7b69-4411-4ed3-a4dc-6a2330ffa74c"
"660";"d1a59f4f-d72a-45ab-8d85-f67b01386cbc"
"661";"636b2e33-5e92-4ed0-aa82-4841461f164b"
"662";"ce43376d-03b8-44d5-9d8e-752c513aaf9e"
"663";"a417acff-24da-4ca8-8c21-2a6cbd1f7ae0"
"664";"840f2343-1962-4f95-bff7-880210a334a7"
"665";"4a975a7b-a390-4b95-b5ab-8c943e5cbd74"
"666";"3192e405-af6b-473a-a3ff-2b94e88b507e"
"667";"c64ec54a-e5e1-4187-8ba3-4ac55212dd82"
"668";"59a43e0f-da1d-4416-b692-b79e84ae9131"
"669";"af8fdbd3-dc27-469d-89bf-9167514b3f5e"
"670";"455be4a8-25e3-4510-8666-f00f9a8897fb"
"671";"fdc4878a-0a9e-4055-9391-cecd6a2b0a8d"
"672";"adbe3622-0305-338d-92ea-fb1e0a3f6ea5"
"673";"174aaad0-4bd6-4817-9c6a-984f1a268e80"
"674";"1aca6405-8a5d-452d-84fb-7fc0c05ddd35"
"675";"839c2aa9-20dc-4e12-8249-aaffd1697272"
"676";"a1d6fe3c-5a5b-4e13-b740-bce78f744ffc"
"677";"6ce2f621-97d7-4881-a13e-20c79b042487"
"678";"a501f9b8-7f96-4cc2-96c1-e83801d7c018"
"679";"828234b6-6ed4-4b2f-95ed-a7835bc2a45a"
"680";"51635ee7-ab34-40ce-98a4-285ef407ee0f"
"681";"16dbce4a-7e15-4459-8045-64920a95fb0e"
"682";"dfad6e2d-5ab5-4376-bb1c-7894b8f7f624"
"683";"3554471a-f16c-424b-adc7-a0085752b764"
"684";"40154fc5-a0d6-48e3-abee-3090006025f6"
"685";"357bbe7b-e829-41ea-8e99-b584f8320b4b"
"686";"7cbdfb92-bb97-4d19-aaaa-7d834002c88a"
"687";"44e1c283-8a80-44b8-91d3-7e72b69228bf"
"688";"c902c387-66be-4328-b6bc-467225205660"
"689";"3192c4f0-6099-4aa2-8008-09da81da0467"
"690";"e0fe7574-5439-415f-900c-791711e6c89e"
"691";"0f77aeca-7208-40eb-8b8e-d0e5ea24b2d2"
"692";"8a1fb414-b7bb-466a-99e2-a47bc5147c2f"
"693";"3a6c51c4-4da4-48e1-9106-9239918150ac"
"694";"2e100e83-f2a9-4812-b62e-8156e168124a"
"695";"192e6357-6c4a-43ee-a936-c698a12912bb"
"696";"530f6003-880d-45e4-9397-dbe7e971ba3e"
"697";"0d44e01a-0f8e-3733-81ea-52055a515e08"
"698";"360798c3-e06b-489b-a528-7254e3f30b4d"
"699";"82d3f623-837d-4d23-aa49-e308dd8874aa"
"700";"cbd3bd93-6cfb-49dd-a783-252c8eda4074"
"701";"a6398b47-3bf8-494e-aa60-165b2b37e2e9"
"702";"cd7a5789-f5e2-4dde-a06d-354c1e29e56b"
"703";"16784ba0-5dfb-4c7a-884e-07f1ef457c23"
"704";"9e8efebe-2f40-42e7-a182-d7d96af3b908"
"705";"87fa0459-f9b1-4ed7-bbb1-95f032b24647"
"706";"2f4f4aec-1629-3e84-b16a-eff1498eed73"
"707";"1e9af35a-52e8-4382-b52a-076481f4f9c9"
"708";"b20e375d-0996-45c0-8dce-c691aa37aa91"
"709";"ed55edf3-05ec-4c7d-a0cc-02b2df90c25a"
"710";"f9e6aa72-8055-4af4-b0bb-67927da61601"
"711";"fba29dc9-9d4f-41b9-9ce5-a0323c6edb5e"
"712";"c9251380-5400-4413-a1e5-3e10f53f3b54"
"713";"7e12a9c9-7397-4cfd-a515-5fa0fb0bc7d5"
"714";"2b1e6883-4fb8-49d1-bb44-3e868b8209b8"
"715";"8a00c108-5e03-420d-8c2d-f6bfceb9ef23"
"716";"7aaca13f-8efc-4f76-955e-00fd84682e55"
"717";"c6dc0a76-2173-432c-9eec-5789d01fd8a0"
"718";"4a224478-c1b7-4bd5-ad96-f93b1303eb87"
"719";"c1c388e4-1bd1-4dc1-8f99-1aa6e7051241"
"720";"6ec46b5f-5b21-41f5-8200-aaf3b0f8c637"
"721";"551dab94-238d-4e02-b16b-e74bfbe20473"
"722";"39b12de9-6dd5-4413-a394-487258c39f5f"
"723";"ab1c3808-7f4b-4c8e-b620-651dec921ebe"
"724";"10c38900-3f35-4a09-a9cc-5c44ee2da0ed"
"725";"310da666-19e4-4fd2-983d-742e7c98bef8"
"726";"835c4ef6-acbf-4bee-88d6-ddf1c6011321"
"727";"fc4f3e78-cd6c-4e42-9973-e9a7b6d3e451"
"728";"26358b5d-1dc5-4449-a4cc-a06ddf0d26ff"
"729";"31036847-4a14-409b-8438-4467a6cdcdce"
"730";"1bf3d6a0-b0e9-4bac-8452-f13833ab33bd"
"731";"3b07da1e-8bc4-4fd0-82cd-fda142a679c9"
"732";"7bc3208e-1883-32e0-9ee8-a1ea78a35672"
"733";"542bd01a-d1ca-41bb-89f8-624b6d74dab4"
"734";"4021e476-038e-4442-b28e-abade23e8b3a"
"735";"88a77286-9fef-405b-be10-a2f12877cb22"
"736";"b20e4231-8d40-4c42-9ad8-4ee3f1025ec6"
"737";"88165a73-4d5d-4dae-be36-83d85868b523"
"738";"89fbb1ea-519a-4a19-9f30-75e44a0c99e2"
"739";"904e1d6a-ac7f-38bf-a622-4165b885973f"
"740";"1de12505-ac7b-49ab-a0ab-2aa189f0bf99"
"741";"530d7ccb-221d-45fa-99e7-64348ddb088f"
"742";"f0e7a1b7-f9a3-4925-abb0-14a227272ba0"
"743";"23e97699-2bee-4456-8bfe-61306ac41b11"
"744";"b330aa4c-1b27-4dd3-88e3-5f33531a802b"
"745";"b663b7a1-261c-45f2-a1b4-39cae6e809c8"
"746";"d908d01b-4766-4e6c-a1df-4a8ee4ee2261"
"747";"79899c94-ddfa-4473-94e9-11d39d47c33d"
"748";"9d8c4e7f-866c-4363-9406-0bb000316888"
"749";"2af61fc0-e427-3c0a-a7b2-66bfad29f9f6"
"750";"61710908-1bb8-4fd9-99b0-f9e0ad6f7d7f"
"751";"0c36cd38-18b8-4064-8a4a-948d6277e50a"
"752";"b07859d7-0ee6-4677-938e-0b75d16456f6"
"753";"cdd2b3f6-9beb-4e40-98f6-6f146d574852"
"754";"9b20d7cd-0709-4e6e-847a-b8cebe77e28f"
"755";"9e8c1b7a-2c3f-4f86-bafb-ce6d8f69d5b3"
"756";"027800f0-47ab-4ce6-b700-14701771412f"
"757";"b4e8036e-eb8c-4e76-afc3-0e6e8ac483a5"
"758";"c46652d5-53ec-4c2e-aeb2-a65852099d3c"
"759";"02c0039b-1f7c-453e-9802-18fdf955d28b"
"760";"62d72c07-0653-46a3-9633-e8d4bde5792e"
"761";"f8817f4d-d4af-442a-b09c-846124291a16"
"762";"a2becb79-0cc4-3d17-8a43-b474d7881cc8"
"763";"87841a2b-ebde-4f7e-9765-eca759237e2d"
"764";"3aecb0b8-4acb-4b23-bbc9-3ad9f1b76148"
"765";"c05d1a9e-c40d-4507-a888-a3aaa58e7be1"
"766";"5c20e013-751f-483c-9e8f-ea8b45978436"
"767";"9e7e6650-c2fb-421d-8b91-d6265f4faad6"
"768";"2b2bd157-c187-4972-98ee-f4c9d2f5bb16"
"769";"36109424-3d89-4ba5-bce4-575c01a05828"
"770";"20152ada-a473-4e47-86c0-f6c0d56f8fba"
"771";"6f49a6c1-b65a-48da-ab5c-f7072e9bee75"
"772";"0015d0c5-6263-49ad-a056-8960b44c8f58"
"773";"74e7b1bc-24e4-4c5c-978e-38fb0d3fa5b1"
"774";"8b166881-69c2-4fa5-84a2-685fc17141e8"
"775";"be794f7e-b0c0-4766-aa58-2fc82b277e2c"
"776";"0db9275a-c785-3686-86b9-e09e04198197"
"777";"09689c80-1ecd-463d-b212-ad252cb138c9"
"778";"2fbe424a-cf39-4887-954b-9dc3b6665c95"
"779";"46e5e062-a32f-44f9-800e-3ea59ce048c6"
"780";"627c15cd-bae2-4781-8b83-2bf4b0ea829d"
"781";"99227b8d-21cb-4354-85b6-15d7e6bb986e"
"782";"e819285e-12f9-4196-a011-e69ceb18f2dd"
"783";"71fce455-038a-470b-ab12-375f31d7c0c4"
"784";"58f43206-fd19-4700-97a1-852f0ada680f"
"785";"12f03d17-6f17-4c50-9756-6f027660a74a"
"786";"237bb096-f9a3-4f51-b68b-fbe875e352bc"
"787";"9c60645e-049c-465c-94e9-90dc4fd0900e"
"788";"463a4c04-faf4-303b-8de6-c3c19c02970a"
"789";"73230b95-9925-4675-b6ea-40ac2a28a95a"
"790";"08558fb8-a980-4c69-b65d-8294aa67a6f8"
"791";"329a367e-7a4a-4089-b51f-f4c97c680cc6"
"792";"5335dbe0-b508-4dd2-99fa-8ff1b5594f8a"
"793";"cd2c4216-f748-4199-b675-cf7f977abcd4"
"794";"1b3ee609-a443-4c33-93cd-041e37c7e969"
"795";"a24c8787-6048-40eb-bc88-ef52314d0fab"
"796";"5d1ceab3-3585-4dad-800e-d6e8d9debb36"
"797";"2213b4c5-44ff-4380-a8b1-35fccd5dbdd0"
"798";"8bf24b86-8ec0-4348-af99-d919057ed774"
"799";"513c8a5d-1c4c-4a12-8255-1b484a418bc6"
"800";"7a785565-0bba-4874-ae56-51c17c9489f0"
"801";"64f79311-b53b-44ee-9599-67dca604eb3a"
"802";"91dfdd3e-378a-4016-b03a-9da0f21bdd5c"
"803";"64428544-ade7-4a82-ac93-8f797990bfe9"
"804";"00587a2a-b1a2-4316-a1c9-29ca4a9528bc"
"805";"ec3a4176-51c2-316e-96b1-23df619e5ace"
"806";"2c38b8c5-3bb9-4774-bb02-5dd5ca8bdfc5"
"807";"6c595536-3a09-4fae-b510-90f4fefd4748"
"808";"f1f270f1-7c05-485c-a4bc-e175b1cee92a"
"809";"6ad7911f-f754-4202-916c-809440f04ae9"
"810";"8e94a7fc-1f8d-475a-bbdc-d9f12b8ec209"
"811";"c323843a-37cd-4ee3-a51b-55c83d7507bc"
"812";"7a7638b5-ae97-4837-9a0d-8fb817c12892"
"813";"2ff55658-a62e-461b-8add-4bf057e46509"
"814";"87e6d131-39fb-3024-bf87-a4f927955691"
"815";"03d1242e-696f-41a3-b5cb-94f12a047cee"
"816";"163ecae4-6bb7-479d-8e90-92aa03cb79bc"
"817";"b334bcb2-bb3a-4602-9f37-081669b5f7a3"
"818";"0c651f89-8875-411a-b9cf-176d3056d79d"
"819";"494d9cc0-076e-4e61-b52e-420af7291518"
"820";"04343812-81cb-4561-a949-144c7ea6b097"
"821";"d23d0657-0db0-4398-9a3e-15e2b7263762"
"822";"351a3705-fc1e-4c7f-8058-38b67e056e4d"
"823";"c7f90ac5-c737-4d2d-845e-ec095d525c5b"
"824";"26a7a9d7-e30f-4425-a5a3-0835e793205a"
"825";"102e317f-f97b-4c31-99ef-69c56ac554e6"
"826";"7f6f5eb2-4d64-3adb-ae61-e1ca2342fd02"
"827";"d7c12234-38f2-4212-8cb4-dcbce0bef4e6"
"828";"b120462b-5b92-431e-8721-33617ac68330"
"829";"48d53708-53f0-3a66-8520-5d8093a0e477"
"830";"e14d082d-64ee-4d42-9f1e-8b1d7423ed08"
"831";"16c22d49-758f-4fcf-aadb-3b6f49dfd01e"
"832";"201eb23c-3bcb-4dbc-85ce-75a075e3c9cd"
"833";"8224a405-090a-49fb-942b-eb5ec81e96e2"
"834";"779067d8-b637-4461-b30b-4c56a4b3e3dc"
"835";"32306928-689e-4149-a8c1-534a11a68fc6"
"836";"023feb86-d9f5-40bf-905e-942e8357153c"
"837";"8fdf8e46-c261-42d7-93e8-5e3765523f40"
"838";"a33b9822-9f09-4e19-9d6e-e05af85c727b"
"839";"3cb691e4-93ee-4e34-9451-c95d44a7488c"
"840";"03e42be9-909d-43d7-bc4b-c193a9676865"
"841";"73e602c6-e026-41cd-9f0e-f5d31cf144c8"
"842";"2d09cbf2-e84e-4e52-bd78-0291feb59114"
"843";"b6a6912b-958a-40cd-8c97-e6d64e337291"
"844";"27595ef8-7cff-472e-b678-7959ffce9708"
"845";"aa5d6132-47d4-4db1-b173-496d554c7e91"
"846";"1248c1fa-741f-4e61-8c8d-57fdd046c018"
"847";"8400d1ad-93f2-4c7a-a905-ca6dddb1b762"
"848";"98e50cf6-06fd-4259-8128-ea60972808fa"
"849";"075b62e8-ed2b-3330-91dc-46f4e9799ec7"
"850";"46be8b41-75dd-4ccc-82a3-cc995c623509"
"851";"4bbbe6a2-64a9-4550-8c1d-c9590591b4d7"
"852";"14aa9b15-b95e-4b67-9793-85e0279876c4"
"853";"61c84823-3615-4061-86fb-3fbc00c8e5da"
"854";"52d51f37-98d6-3850-bc1e-c285dfeadd9f"
"855";"3f1cdd46-669c-4efd-b6b7-547ca5e35920"
"856";"c5304ad1-40b1-4c74-b7cf-5254b6d37c0f"
"857";"08d7f6ce-e3e0-4f04-a9b2-2e0e7420671d"
"858";"9a5fbd23-eda2-403f-81eb-10afeab32016"
"859";"31e53d79-a567-4eb8-85db-536bb2f21ae0"
"860";"251d1555-4a61-4db2-ab47-8e073439b34a"
"861";"f7e0126c-b3b6-4cac-b5ed-c96dde4ab83f"
"862";"0165a86f-10c0-4bc2-9368-24d539f943ab"
"863";"651d395c-8ddf-4b45-bddc-d9dc6f755417"
"864";"166e38f1-a8df-4389-83db-fa4c65ca7cfb"
"865";"7e1cceaf-cfe8-44a5-bc4e-35505940e8f6"
"866";"f9be1640-ed63-45eb-8f20-060c6eeb9d2e"
"867";"31f01d50-38fb-4c10-a222-716bc9136236"
"868";"1da5886b-47bd-40ef-98c4-af79d39f9751"
"869";"5175f1d5-43d7-4a64-83d0-35d63d57d7ea"
"870";"dc04a0d4-9661-4a89-80ee-72e5625bada0"
"871";"4be2211b-df17-4fb4-b3a7-12baffe6e39e"
"872";"a6ad4cbd-0f53-4fbb-9586-ead93bb900ed"
"873";"74f0cf21-dff5-493e-afe7-caaeef14fb8e"
"874";"4a986845-c946-3f5a-8adf-6205f0961f41"
"875";"4fc37e53-2989-4244-bcf0-06e641f63338"
"876";"7392a0a2-8f39-4bdb-93db-54da6021b08c"
"877";"d0daeb6e-3734-4e3f-855e-32271c28d37e"
"878";"0314db1b-bd6e-4b73-95b9-5cb8b0447d20"
"879";"d6f7caa7-5eeb-4617-9c6d-ee8b3f992207"
"880";"339a734f-1fda-4ffa-9edc-ab5208c72c56"
"881";"89db246e-8129-4d3e-b0ab-d8ef7ab99f21"
"882";"76360728-22dd-4c57-86d2-481b4a2e88fc"
"883";"984712b3-825c-4225-bfe7-f43455b6894b"
"884";"e5c7f060-33fc-49f7-a6c7-c346af12a111"
"885";"079b4c9b-3815-42cd-a1b5-5227484235e8"
"886";"b295337c-9969-4ff5-b5a4-9790c3b5d4c8"
"887";"53c4847b-c398-4b45-bd9b-06ab0f70036e"
"888";"e77334f6-00db-45f5-a854-a010be42e9cb"
"889";"41d794ef-562d-4f46-8a42-c6b286a1a1f2"
"890";"d6ea94ce-f1b1-48a3-ad39-d6eadc0c6768"
"891";"15a9cca2-cd9e-4aac-9828-b85f184b1f84"
"892";"36836ef1-c07a-40e9-9cab-6f1bf39dc3a1"
"893";"48c794b8-50a9-4509-afd1-0a0e31d46256"
"894";"1db4a657-e4ca-4d13-8038-e913adb10bbb"
"895";"be313771-d713-4bb4-90c0-acbca6e4a169"
"896";"8f40b39f-ec4c-4d4d-b0d4-d67d8dd8c234"
"897";"ed7005d5-96cd-4504-86f0-1f2126578589"
"898";"46c02eab-b147-480d-ac22-dad4bed8bcfe"
"899";"19b20c6c-1e13-4f91-a05a-fc79fd4efe61"
"900";"8e1bf9b6-0176-4a81-9bde-f8995bd16644"
"901";"9fd60380-6321-4f4d-98a6-f7dcea0dde0b"
"902";"195b1070-f3c5-4b6b-be00-4fb590bfe618"
"903";"c8c69fe7-4104-48c6-a190-55a761e186ed"
"904";"12358748-1564-4da3-a337-5cdd00e9bbe0"
"905";"a589a6be-3c8d-4f9f-b95f-d592390f59e5"
"906";"019438e9-9ab2-444f-b31a-cb87e48a372a"
"907";"1acdae35-41e4-4bc8-b4fd-3f439942b9a2"
"908";"1182a48c-46ca-41ac-a2c4-993f603bbd0e"
"909";"d63d427d-499c-4eb4-996e-535e36013766"
"910";"ebfc3363-b721-461c-a689-9548b6145915"
"911";"74c522e2-de35-4f31-8f3d-c3c224f19de2"
"912";"405f693c-07db-4a25-9550-301b3eaeceff"
"913";"6038087a-9780-4391-9e45-6c088d4d2e4b"
"914";"68df9595-bd94-4ab0-a2fc-6edd1f8d9762"
"915";"f38a4956-c546-431d-a14f-fcc1339119e1"
"916";"78e0a82c-f6e3-45fe-8f5c-190ae91bf357"
"917";"27280632-fa33-3801-a5b1-081ed0b65bb3"
"918";"fac790ef-7b75-4855-86ad-a90d01a69f3a"
"919";"9c63f42a-bd5f-4e58-86e9-7c0be4962a9f"
"920";"eb84106f-91c8-4202-b045-9253ca5fe746"
"921";"0fa46ccc-b5e0-4729-827e-244a7eff3afe"
"922";"4dec3817-f24f-4679-affd-9151761f59c2"
"923";"8ee2fb31-a5bd-457f-a40e-0cac4fe1a94d"
"924";"9d2355d2-963b-3bd8-8883-9b1dc8a08da8"
"925";"8b952ded-91ee-4d9b-a58c-7e857a4cdabe"
"926";"2fa5e0f9-c83b-44cb-bd90-7899efc1417b"
"927";"86512faf-76b9-4c6f-9629-d81a69700ca9"
"928";"6b0cef27-9184-301b-80ee-cae5461d6171"
"929";"9803025c-d327-4912-b1bd-045ed11f7963"
"930";"da05c65a-0569-4133-bc5a-f48c254fd930"
"931";"be0c19c2-cc7a-35b3-8504-b30152917963"
"932";"1ee9896c-cdac-4b01-9f79-887ec17de5e0"
"933";"a0d42921-c7aa-42ef-a63d-3a23ca203ddf"
"934";"e9cc2db1-0b28-42c0-bf0d-d42b261599f0"
"935";"1ab43e42-3a3e-4fa1-a217-4a051c0b00f4"
"936";"a2dbd46d-d2b9-4222-aa0f-ab265f134e6c"
"937";"b7ef7ad3-b581-4e7a-a550-3e9b966caa93"
"938";"1f7cd3d6-ffe2-4f19-b108-52555a098d0f"
"939";"2a7f5ddd-7496-4f0f-bb9c-d817f3018d56"
"940";"14d96bd9-9504-36a6-96a8-d1c925ed15ce"
"941";"ea4ce27e-a292-47b0-84e2-7ddb3805a1b3"
"942";"1f315994-b360-46c8-9241-303c49ff4741"
"943";"d96b4fcf-4dfe-4321-a622-c7c6195a0b4f"
"944";"455e0c89-3b14-35be-ac45-b51edf09c670"
"945";"681d8734-cdcb-4249-8c13-481c40f0912c"
"946";"7c97f9a7-7454-4635-87f2-56c451bd5dc1"
"947";"e59ed20d-d5b8-4283-b6d1-ebca1c4937a4"
"948";"4a9a5f92-9d2b-4f1a-8315-cd3f38319b0a"
"949";"844709ca-745b-44a1-a423-4909c3373af4"
"950";"6bf06440-1726-4d39-8010-28dcda1b49d1"
"951";"7fc81176-62f4-4f52-b7ac-54f4e72de0b4"
"952";"56cc7b06-9fc6-4371-b317-0f79436049d7"
"953";"4784080f-b48b-4d4d-af53-802842f63ab1"
"954";"7a02c993-0511-4592-94b2-e73a09cbe573"
"955";"63c0e687-859b-4e33-84e2-339f0ac950bb"
"956";"613214a9-ac9a-326a-ae04-91d7148de80c"
"957";"ab28d026-49a8-4c7e-8bf5-2e145d9c98da"
"958";"34a322de-e4ef-4861-a7ad-640644606d92"
"959";"27fe6e70-7d18-460f-a20e-ff734cbe42ea"
"960";"7f2e90fd-8621-4629-8d29-05a4431fd2b2"
"961";"0a60eee3-ba97-4700-a246-322c4351c323"
"962";"da2821db-08be-4beb-aa21-77ebec37097e"
"963";"efa2641e-420a-4a66-b20c-5f4e63034829"
"964";"e65c000f-a03a-4072-8a58-918a75ea4918"
"965";"6a32eb97-ca97-4bf6-89bf-70807935aa45"
"966";"9433236b-e726-47f9-8371-a9c770bdc58f"
"967";"29dd998b-bf28-4ab0-9d84-0e68fa6269f2"
"968";"8dc61957-a0c3-402f-9045-102db7823200"
"969";"0940ed7e-017a-400f-affd-2b0b606d2672"
"970";"538329ea-1087-4ef6-800e-d9069cabd299"
"971";"37e0f27a-3c42-475a-893d-87c7b2533eea"
"972";"cd092c48-ce18-4025-8d5f-289a585354f3"
"973";"38fae5c7-dce5-4f81-a1d1-596e345bebea"
"974";"bdc60b3b-0106-48a9-8957-c2671863a036"
"975";"6c191971-961e-465e-985f-02a3dc24bde0"
"976";"399dccad-2860-4b9f-b099-f3953e0e6e49"
"977";"a30af50f-2526-31c8-be7c-b521ac530d15"
"978";"1951bee8-02a6-4187-836a-caa22e8e5695"
"979";"b8fde2a1-9443-4a02-89f8-9f7b303c6289"
"980";"5dec9e18-bcd0-4d15-b7e9-d31d676084a8"
"981";"7faa7d28-907c-46e2-9553-de929c876de5"
"982";"d2cea175-f231-4f03-8743-d3879d82ffae"
"983";"44921081-f40a-4ecf-9d74-238d42002616"
"984";"03afdd8c-04c8-4f91-9b76-db40cd2bd17d"
"985";"c100f412-0c7e-4d48-b2e4-3d55400b420b"
"986";"72ad1eeb-6736-4386-82a7-9e85fcb60d01"
"987";"0d7da503-310d-43b6-83c0-4476ca81afbc"
"988";"cc3ebe4a-f596-4f74-b684-69054a0fa453"
"989";"094f96d1-b008-4da6-9cd8-9b968d3f53f4"
"990";"7e345105-b0fe-4baa-9be7-448f7a1df29f"
"991";"08b05589-eda8-4e6d-95aa-92d1efdd93a2"
"992";"c40c66dc-d6a2-4746-bd9b-61b8ac735520"
"993";"d9d5a076-f8c9-4c62-ba43-5a003ca78dea"
"994";"7fb30baf-2124-476e-b87b-ba781a9d6892"
"995";"67747899-e291-49f7-bf83-d88854230386"
"996";"1eed3b3f-3a81-47b1-b324-e2346fcb9120"
"997";"c3d56a7f-fb79-4fa0-ba38-1c4f924efe11"
"998";"282249d9-3571-4676-80cf-d86f143f7524"
"999";"39596074-33cf-41c9-a4c2-cb8adf7821bf"
"1000";"080a4038-5156-460a-8dd5-daaa7d16b6a6"
"1001";"c7a10812-1d18-4b63-bbdf-1bf6d3bf0414"
"1002";"1f260a95-c224-4b8b-b61b-16f92fff5b98"
"1003";"ce4476f4-623b-4a78-b23e-beff5329af30"
"1004";"3e11d81d-e4b9-4fbb-9205-96190ffee20b"
"1005";"3d600eeb-db3b-49b1-98a4-4cb16169ebb6"
"1006";"6f835cda-72e4-44fb-8818-55da02619602"
"1007";"8bb53a56-96c1-4864-9133-f478d765da60"
"1008";"bb0577a8-6ff6-4015-8638-bdcca2726a5f"
"1009";"f57dc007-8ad9-41c3-9946-f1ab1cff8c02"
"1010";"abab6ac7-3f02-4715-8394-2381260828b5"
"1011";"89995dba-4321-477d-9197-76db07af2fa7"
"1012";"34cf2487-87b9-466c-a528-344ec5247e43"
"1013";"9647a524-62aa-4323-95b2-d0bcdf01ad88"
"1014";"4373001d-d98c-4928-8948-87b80e976353"
"1015";"9f3ecdfd-8c0d-4410-806f-6d05373f83e8"
"1016";"b93116af-f4c3-4dac-8168-2b21ef3b1da9"
"1017";"fae5e033-9daf-4892-84a8-40f701528768"
"1018";"60ab8774-e11a-4106-bba5-e7f849a8381f"
"1019";"48945f40-9a50-450d-b053-f3ff5376c5d2"
"1020";"99a1f984-8f87-4b43-a368-8789aac8cf8a"
"1021";"466db66a-76be-4409-8429-c4bf29dfbf09"
"1022";"b9c483f5-8096-491f-b14d-b2dfdef287fd"
"1023";"c078c436-851d-4299-bca2-db8764ba43f1"
"1024";"99bfcd40-b086-41f7-83d7-786fbbb3c99b"
"1025";"04a3f828-1a01-30a6-908f-79585b8302d4"
"1026";"c6281889-746f-473d-b477-c7b512d0d1a2"
"1027";"06050cbe-804b-47c2-bcdb-af07c31d6d09"
"1028";"5ce58dee-d150-4d62-be2b-e6aa750949e3"
"1029";"6ae83805-2870-44ff-90fa-645321d6f013"
"1030";"44cbff72-9db6-4ad0-b4c8-b14986afc93a"
"1031";"9839ca69-3b55-494b-ac71-e73ca5d6de78"
"1032";"238e03d1-2a43-4d87-8608-6f2e8a5a66a6"
"1033";"03d5a2d6-1720-44a2-8c4f-e5b2458358f1"
"1034";"d7929b28-5812-4b8f-a99f-1800983c71fb"
"1035";"87c75ece-729c-4cc9-9319-d57104d1fa95"
"1036";"e9db2770-fa4c-477d-a9e7-30e0d1f1a8f6"
"1037";"233e54de-ddf3-4386-a389-718360be8b3b"
"1038";"6ab046e8-ee3b-4e23-9244-4529d6d154a6"
"1039";"c24470b1-ad3a-4bcc-a2d0-a2bbc47260f3"
"1040";"1e313cdf-ac9a-44e1-9eaa-614d960bd382"
"1041";"71fba289-e28d-45e4-9b3d-f8c5cfb70808"
"1042";"0910c507-7904-4d1d-9d8b-b7b5614158e3"
"1043";"f40c9def-1227-4752-b622-4a4017823d12"
"1044";"1d440c2b-3675-4484-a0c5-605b742991ca"
"1045";"51785e6f-678a-377c-8a03-a11844f52b80"
"1046";"1d7122dc-7566-405e-8204-e692473ebce3"
"1047";"0019b35d-cd18-4788-b7dc-8a4f753d9c31"
"1048";"0643e593-4e93-4dd3-a048-6b297da73a67"
"1049";"1914cd03-7079-4366-8f8d-1cc7f3cd9394"
"1050";"6c2f7e99-1ea7-3e04-977f-fb33c5461ccf"
"1051";"305cbd20-78ee-4e61-bfea-a99657790648"
"1052";"2e23cd22-6d43-4f40-b768-d5d95f8c4789"
"1053";"0a5e2d36-c4f6-45e7-ba98-c140c6177e3a"
"1054";"ec32c303-0afa-4205-be55-900803c954fe"
"1055";"4f7c1a59-92b1-4ba7-919f-b61a3b4b8d2a"
"1056";"e41f4508-4285-4308-82c7-f659d19cb7bb"
"1057";"07d95118-de70-4ce2-9296-c0a919834e47"
"1058";"80702b71-67b2-44e7-8f15-1ac1e9c37c68"
"1059";"afb88ccb-af0e-4715-8f4c-4806f45dc5d4"
"1060";"9e7103bb-fc9a-4e5a-a90c-2a3ab4c08e19"
"1061";"2f68c438-9165-489a-8246-6871af8b7c74"
"1062";"93746222-c422-4bcc-b636-42d04370fa9f"
"1063";"1c58d5bf-a5ea-4679-baf6-8b7a6a9404dc"
"1064";"3fefe5e2-1718-4148-b38b-b69db06901df"
"1065";"53a93f00-ac98-4bd7-9fd3-8cf6ce0dcbe2"
"1066";"5fd2ef64-0d28-4c66-ab3a-3583e82b560d"
"1067";"15ca3c47-8c7c-4eee-9b9f-9237c8f6de8a"
"1068";"cfea0104-822d-4a49-ab2b-b9f030077f17"
"1069";"9108adbb-b065-408b-9f59-c1af1f4a241a"
"1070";"5184e5fa-20c8-4e65-9e4a-3c6ec2cd7665"
"1071";"53898594-4a2a-4f55-8754-c332b3a92caa"
"1072";"ebc31083-e06a-4e14-a807-ae56f7ab45fb"
"1073";"aaf995d1-c435-4991-b62e-6582f9ba4277"
"1074";"840e1ecd-79e7-4060-a2c1-f63d1a8aaa11"
"1075";"bb4967b0-6251-435a-a737-67eadc82c99b"
"1076";"1fa72c5f-772c-472a-ae1b-7582014f0952"
"1077";"0b5f945f-8a18-4736-98d9-48c6e3e60a6c"
"1078";"ad8f01ed-cb07-4ae5-962c-85e7ab488b1f"
"1079";"046dc3cb-8a49-4b4b-a890-8de16055eaf4"
"1080";"2def8abf-1133-4b93-9c70-77f2b5cb06a3"
"1081";"468c48ab-244d-434a-9285-439ebe735809"
"1082";"eb8c9c8b-0384-4f01-a08b-0d9856c4f8a5"
"1083";"780cd4e5-56f8-4ea1-94e0-6fb6368e0083"
"1084";"3a131446-032a-4190-a101-72f85d65a5bb"
"1085";"83a8aa2f-7a27-4a7e-9e40-06deca542bb7"
"1086";"b0e6fabd-cd61-4637-a3f9-0e59a2ecdb36"
"1087";"d502300a-494d-42f0-a63c-b66581116f87"
"1088";"2aff78d7-c1c3-4291-80e4-82973586c284"
"1089";"586fb423-f55b-354e-a917-aa2538a7e637"
"1090";"08ec8cfa-a0e6-4e8f-9d1b-2d8b3eef3aac"
"1091";"6b37c3cb-0fdf-4620-bc03-e85e24821374"
"1092";"b16327d6-aba8-4aff-814e-468a31db1776"
"1093";"37a2d153-a0cd-49f5-89ee-72897c693dee"
"1094";"4d927776-f8c7-4587-8447-9fdcee17ce14"
"1095";"201d6077-24cd-31d1-9b5f-8fd766b739dc"
"1096";"4f4ba9a5-358e-43e1-a653-d69e4f5ee764"
"1097";"460aa434-ce44-4d43-a279-28329c511036"
"1098";"ac438f31-71ed-40dc-9e12-893b33ff7a96"
"1099";"1a459961-77d2-42c7-8fa4-ba4dc1b278f8"
"1100";"feb4c6ef-9431-4b42-8aea-a0f8d27883fc"
"1101";"1ec0d3bf-954e-4e32-b2d4-6834071d04b9"
"1102";"e8fb7631-194f-36f5-9984-302736910646"
"1103";"0cc922a6-43c8-4e31-af34-55ea7092eadc"
"1104";"3f4cd913-2894-4b2f-a6c1-c9ae2e1b9a08"
"1105";"c297eb3e-5ab1-43ee-9f2f-4c585263ab68"
"1106";"cb675412-a3df-40d8-8454-9f0ac3aaed2e"
"1107";"479928ee-9089-4ab1-9e73-c03b440f052a"
"1108";"2e629b54-f298-46e1-815f-434d12202e3c"
"1109";"d5401f45-42bc-490d-9539-59245e756fdf"
"1110";"36ba68ce-43a0-45d6-a5e9-38f7da3ed71b"
"1111";"0b451b5b-5d71-4c4f-91b6-40b16aa868ce"
"1112";"13855986-e731-4846-999b-dba1bf155088"
"1113";"3eb94439-8450-4311-b505-eaba21be5b35"
"1114";"3a71ae89-00c5-442b-805b-1485e35bf405"
"1115";"0c7695f0-c7a1-45a2-8500-e05ffd2a93e6"
"1116";"b516f21b-ea72-4c56-b10f-92c76b7f84e5"
"1117";"e182d959-b980-4f36-9505-17b411c1be86"
"1118";"935764b9-6c0f-4c53-b2d0-1ff1d72a5d15"
"1119";"b95cb346-58b7-4820-b377-423e3144f7c2"
"1120";"fd888611-ef15-409e-8d96-4a9e3bd0eb32"
"1121";"7ff9c31c-feca-39a6-9dc9-bab5e0cb88d1"
"1122";"9cd4479f-08e9-434a-94c3-01316f6d0739"
"1123";"58664a16-45a1-4389-a70e-5522d970cb24"
"1124";"7b3c01ba-4297-4591-9024-7acc71e75dcb"
"1125";"3b47cc63-0e5f-44cd-91ba-ef72759a9ba4"
"1126";"f8e475b7-509c-4df7-a346-26d00d78ae44"
"1127";"84f3d595-998f-4f9e-bd97-c34f6ab47d87"
"1128";"1c000ef9-1a53-4be6-a025-f4e366863578"
"1129";"668b1c36-972c-4ae4-bffc-bb8544ae62e3"
"1130";"88fadc8b-237d-4d31-b1f4-a59b9d44dcfc"
"1131";"75ffd4e1-5e38-4f60-a7ab-df046af19b79"
"1132";"b26b5f9c-5190-4c5e-add6-1c8831bb3920"
"1133";"3d60e46e-4b90-42b3-bf55-474e29db9050"
"1134";"9d964a08-3f0f-4da9-857b-c5772ee7b9e0"
"1135";"89fda12f-8091-429b-9bef-39a54014c099"
"1136";"09bd4f07-db32-497a-b10a-765212afb367"
"1137";"7286f98c-3487-4e24-955e-2d8dfa995d09"
"1138";"c1b3a49b-ec38-47c0-a35a-417b74228b8d"
"1139";"5a0df472-99c1-4f03-9601-e77c4f8669ff"
"1140";"2e6c96e3-fb2c-4e27-a951-8cc7c637015d"
"1141";"3f9dbc9b-f017-4729-bfe8-d0798b834eb4"
"1142";"098225e4-ddad-3c01-bdf6-1ebaea2ba25b"
"1143";"c97d7799-66e5-46c7-a912-b68b6aca689c"
"1144";"ad499423-3103-4add-9c4b-1cadc4b2e377"
"1145";"537c9423-b2f5-4c10-8a1a-1a07a09166df"
"1146";"019a762a-ef46-3dc6-aaca-ff5afc358ef2"
"1147";"8dc667d7-4df8-37d1-b083-6f53d2cb94a3"
"1148";"8bace5bb-e21c-4778-a226-63ae62ed62e4"
"1149";"6d7d9240-8cfa-4a54-b4ac-7ab792845da8"
"1150";"3a344e8c-99e7-4141-90e9-cfb338a30285"
"1151";"131ea401-2549-3d39-9550-fa33c8e2aaad"
"1152";"de1fbef7-d6cb-4e87-bb8d-5fb084b8b58b"
"1153";"e2a3c81f-b60c-488a-9529-a777fb494ce1"
"1154";"5c025368-0ba9-4419-9973-73ab7fa2ea92"
"1155";"f3d67453-3d90-4727-a63e-b6879dc1d102"
"1156";"c897683a-dae5-4439-8079-5e4d298c9542"
"1157";"af4c63b2-c43e-4452-a792-a598f90e52ab"
"1158";"413b27f4-be04-46b2-ab43-75529dca9f4c"
"1159";"279527f9-5e47-4adc-aa32-c4f0e2525e33"
"1160";"59e4f832-0a3d-4f14-afcd-faf13a3f7fe1"
"1161";"c2bd2ba8-e6ef-40c6-8fbf-65661abe1598"
"1162";"3472c9b2-5d30-3ebe-8706-d169968c073a"
"1163";"b5e566fb-d4c9-4672-8f27-93f198e5790c"
"1164";"84764fc4-9a9b-4247-80a9-6199807c2118"
"1165";"7f7f3cf3-ba64-420b-bb83-072bd62ed78e"
"1166";"70125f15-c89b-4bb2-ac33-152c7e8bc7a6"
"1167";"5c05ea01-2f18-454b-9293-4e550439fe33"
"1168";"a7ec49fc-20b0-4924-a1f0-6f4da8d1d42e"
"1169";"5de2042d-1f3a-4207-8e58-02fbcbfbcb13"
"1170";"136fcca2-4618-4d6a-918f-8d334b5ce9c4"
"1171";"3de29e65-ca1e-409c-ba31-462ddf0e8622"
"1172";"36c299c7-0b97-30f0-b3e2-c10ed3afb47e"
"1173";"ae27b65a-ffc5-4c52-af0f-82bb221bdd54"
"1174";"b272f06e-609e-3a35-b783-baba60c58756"
"1175";"1e906966-2baa-3f04-86b4-f11c012eaaea"
"1176";"85d9ed7e-0319-4d30-924b-062f42d91ede"
"1177";"7353e5b6-9daf-45e3-920b-721b908a96b7"
"1178";"e027cc44-b7d9-4e9d-9fe4-79a1e76d2701"
"1179";"03f2ef5c-0e5a-4cbc-897f-77ad84428d44"
"1180";"d01a0bde-cca2-4486-a6a0-9c6e0587305a"
"1181";"6327091c-266f-386b-a494-9c5e4c7b2824"
"1182";"53ddabee-7ada-45e6-af00-27e6c30af9fd"
"1183";"5848ea07-ab64-4335-b7fc-c6f7ca8d9113"
"1184";"4cc4475e-72fb-42e6-bae4-4698dd1f1c83"
"1185";"694a1ff2-a97e-4da3-aee4-83ab2d7b26f8"
"1186";"efcbd0c3-4758-4ccf-8747-a4972eed9e31"
"1187";"bd546f15-f34c-488c-aa75-1ecd82cd8fec"
"1188";"776dd212-5050-4c76-88bc-089d9a51369d"
"1189";"490c329a-7ce9-4eb0-9b00-52175419d031"
"1190";"0c6443a5-503a-31d0-91b8-0769858dd06b"
"1191";"562ea8cd-cd47-4144-9aed-c8940813fcfa"
"1192";"f25aa3ee-048c-4de7-bf38-f0d8e2c9ae51"
"1193";"2bcdb8e3-ca56-4b0f-8f54-3378c4167c48"
"1194";"d139f14f-1c8a-4057-95f0-96656cf45c42"
"1195";"10a503f6-265a-4850-93bd-78b18fc6e6b8"
"1196";"0af88456-7c0b-4f9d-9610-cd62520d2fef"
"1197";"41db0769-a8e4-4a17-acb8-3e8969d61c90"
"1198";"08a65769-fbb6-328f-97ac-ea6889e145a6"
"1199";"2f0fffb1-7242-3c5b-87bc-3fff378af8b0"
"1200";"99dccf04-5813-493a-9277-ec4df7b0ef09"
"1201";"669d8c44-a3df-4bf7-aa8f-f27da7d6552d"
"1202";"6d4734bf-6d00-43ec-ad1f-63c1a7c814c4"
"1203";"f7499a40-c43d-459f-ac72-0db866c9c3a8"
"1204";"9388da9b-ea74-4599-8413-25e5a17f3fd3"
"1205";"430594ba-5742-4802-9692-0339c57c90f3"
"1206";"524c383a-b1b9-45ff-8f89-18c2095ca7f9"
"1207";"2e473130-47eb-4afe-8cb9-df0904446b9b"
"1208";"e7efc68d-9ca9-4783-b315-bb2a5631b37d"
"1209";"ac7babe6-3b01-4cda-a63f-29b61cd7ad8a"
"1210";"af1c868a-60bf-418c-bcff-245900385ba5"
"1211";"8046b8b4-ce88-4d3c-b8b2-7dce6c799c4c"
"1212";"5efe962f-5feb-4ffc-aab6-ec924b2455c6"
"1213";"5618f5d9-9ccb-451a-83b5-c59882ef6507"
"1214";"cdeb916b-5895-45a3-a709-b30ace054a71"
"1215";"0c3c24ea-3c60-41ac-85ba-2e36e60804b2"
"1216";"851b631c-a923-4073-8aed-78dbbe56e34c"
"1217";"ee209f1b-b4b0-43c1-a194-91091f7a2c17"
"1218";"e1044784-69b2-4600-b2fa-49eb2c5c0384"
"1219";"3be25457-f96f-31ce-acb8-d5f9569df4ae"
"1220";"eee2ff1f-5af4-4989-9b5f-8d73ec431472"
"1221";"7ae81ed2-8cb7-4564-a29b-720a89584192"
"1222";"6b891013-3025-47dc-bc1b-e34fa2e97072"
"1223";"30a7e371-ef09-4123-8f26-7d7cceecd82e"
"1224";"0f4124b3-4b80-4f3b-9616-4a4cd3031ad1"
"1225";"a9ea3c01-fb6f-4d00-9c89-aa0d8b8f43b5"
"1226";"5d52f1e3-4e3a-484e-97b2-767bdd42df18"
"1227";"b2fc8017-3be6-4e8d-a14b-c8618e0ab75d"
"1228";"596a869e-4e3e-4c96-9fe0-64fff9ce6226"
"1229";"f3832b73-5450-4bd0-89d8-6e1854b6d50f"
"1230";"2a9ad70a-e265-4dd7-b2ef-32ab61366bf8"
"1231";"ca2e9265-82bf-4bde-a6a9-bb24c072d86b"
"1232";"3a45ce38-8dfc-486c-a3bd-9df79cc2ac07"
"1233";"05103752-5916-3f35-841d-25e780df5110"
"1234";"5124e004-5d4d-32ec-8c0a-c6ad1e9da84e"
"1235";"f2a5dff3-d35a-48bc-8cf8-269bccc7bdc9"
"1236";"c4c27547-665e-4992-8825-a2d3fbc362bb"
"1237";"07fc4a1d-ae17-484f-a23b-10a6c8fc0b1d"
"1238";"c281f697-79e2-4673-9741-1969c27887c7"
"1239";"3b216aa1-0b1c-4912-a332-e779980e04e4"
"1240";"74e0b6e1-2873-4249-8f2b-665d6a072bef"
"1241";"25dc5f0a-65dc-4c56-9ad5-2dde8e428a02"
"1242";"47567aa9-2279-4988-88b4-5aca603642bc"
"1243";"bb035378-6aa7-453b-b44c-5abc3957b9f0"
"1244";"4595cf2e-cd32-37fb-b6b6-bd5e84b9df70"
"1245";"ca957345-f945-4551-bf6f-e83c9819f90d"
"1246";"2ff67b3f-ffd3-4424-bc7c-f1d200c54f44"
"1247";"e0381376-5583-4aa6-88fa-2984d25ef3a5"
"1248";"76515c05-662e-39e0-8a91-ca383ce2b4b9"
"1249";"2fbe2d06-44d4-49c9-acf6-7f308ae1421b"
"1250";"058c4edc-345b-3411-9d61-35e542d54e66"
"1251";"be8c6dcd-5a06-39b9-a423-5209ad0dd268"
"1252";"e6e5374e-300a-4a5c-9bc2-c4696b728bbb"
"1253";"17faa13c-9423-40e2-9264-e34cd33949f6"
"1254";"48924fb0-54fc-4dff-a242-e5bcbe4ceba9"
"1255";"61e4216b-8a84-4dd4-9e76-a12ca685ec2a"
"1256";"884cee1b-ee29-3bc2-9a4d-a9e24cbd021f"
"1257";"c8508cca-93bc-4fb0-9ffe-ce35ec1ce8c8"
"1258";"64539444-714d-469f-b823-65c5c6a6702b"
"1259";"2bdb07db-395f-40f3-b6a1-fa65a4f3ecc8"
"1260";"c667470c-61cc-4ae1-8560-eaac781d4a63"
"1261";"8107ce84-5f16-300e-8e02-f8d8c29e081a"
"1262";"b6a3a503-179f-466c-ada2-12371b818eab"
"1263";"b2c848f8-0a14-4aef-b09e-b2aba344b672"
"1264";"7837ad18-2968-4766-9938-4107c1f09659"
"1265";"10018508-8e0b-487f-8f17-fd902193660a"
"1266";"2f1b11bf-5dfe-450e-9db9-6b7804dc90eb"
"1267";"777d51fe-b7c7-4874-9217-40abf09b4924"
"1268";"ff82a527-5b17-4acc-9c17-aa3b17f9e838"
"1269";"6c8e3421-e4eb-463f-8ef6-c8386c73bd82"
"1270";"d6494c5a-a55a-45e3-a302-67bc721aadc7"
"1271";"1b3ce475-1250-4700-abd2-fd889dd6db8a"
"1272";"e843a0c8-2841-4282-a95c-c8be42469cdf"
"1273";"53e93362-49f6-322f-8ae4-15a416c83209"
"1274";"0111fd4e-b431-4276-bdd8-baf8b19f8ba2"
"1275";"6b04e67e-c337-452b-8570-8445e7e43b7b"
"1276";"75798e41-980e-4463-ba43-b2d4f7e2a572"
"1277";"87d0a35d-1119-400f-93b9-c9c9a20f156a"
"1278";"023fcf90-dca7-4a4e-a4e2-ed0eaba78f9e"
"1279";"00897556-cb7a-3417-97aa-756b3fdc77c9"
"1280";"435fc965-9121-461e-b8da-d9b505c9dc9b"
"1281";"6ff10d60-8e80-4f51-9037-2932b5f49f5a"
"1282";"37e94f8d-feef-451c-815b-911a45151545"
"1283";"0b0ae271-728d-3899-af0a-0c9d5f2fcad8"
"1284";"9a9faafc-b639-4bc2-8af8-b585858a5f35"
"1285";"4d3d9658-d815-40de-b2e2-9492aaafde24"
"1286";"31249763-c17c-46bc-82a9-74460a502188"
"1287";"3c2cfb3b-063e-4742-bb88-6699ef674589"
"1288";"0012db8e-3140-474b-a79a-e11481d0ebb9"
"1289";"0d85750a-ba30-4517-8795-ea0885dbfe8b"
"1290";"adebb195-16e7-4b01-be43-bc30093d415b"
"1291";"fe4f3c7d-c76e-4e06-87fb-e6f0ab34fe23"
"1292";"202f470f-0f0d-322b-b61a-be6f3ee7dd02"
"1293";"062e0fe2-ba82-4d7d-844a-3e2568d6460f"
"1294";"654de0d1-02e2-45be-982a-e613064b8bfd"
"1295";"4591a2e7-abad-4c8c-a717-8b61cb461cc2"
"1296";"9b1068f2-3e58-4fe0-a198-020a5dcbe91e"
"1297";"825f384f-efcd-475f-b69c-8b618feb88f4"
"1298";"7ca5a959-053c-48f1-98dc-5df54b3db39e"
"1299";"5fa0505e-342c-3236-9d8e-a7e7412d3216"
"1300";"01064a1f-f377-31a6-ab73-e356ed3f30d8"
"1301";"1c732acd-a28b-4191-aba2-70b62de25e2d"
"1302";"3c7f5b38-1f43-417e-bf31-75dd238a7516"
"1303";"aefcf53b-5980-463b-b03d-a6c8da6a9432"
"1304";"12762a06-5457-4afd-a3b4-a5160a30dccc"
"1305";"5d3c14bc-570a-406b-b2b4-ac7c1174f4af"
"1306";"48ae5a84-4edf-3668-9d68-3c0441be4dc8"
"1307";"5a38cfcc-beae-4458-b97c-69b951fbcbfd"
"1308";"17714744-82eb-424f-b993-21d34efb6c3c"
"1309";"a3d36294-9286-4e95-a882-035258740657"
"1310";"e12d6912-2309-4fbc-8d98-9a67c2cca307"
"1311";"16e8b280-eeb3-4d81-b298-dcc92abc670f"
"1312";"18484ef2-8dc4-30b1-8618-85950a374b1d"
"1313";"724a45b5-9593-4b00-b337-b0ca9b81515d"
"1314";"ed429ce0-0c6d-4fbd-a2aa-ef0672689442"
"1315";"186a9789-75f5-43fb-9bc5-170476769a27"
"1316";"517a53e2-044a-4dd2-8f59-51e66e539ab7"
"1317";"49683c30-b73d-40cf-a370-a8d1224be26c"
"1318";"00a74687-19e0-4b42-8300-6acbc2ff558b"
"1319";"30e45d86-707d-4042-9df5-93724557aadb"
"1320";"5ab72f9d-c1b4-4e4a-bb72-406d858837a9"
"1321";"34f441cc-35a5-3ce6-987e-6b9073f2d726"
"1322";"16a7428d-075e-4ac2-9d0a-e71aa5589b68"
"1323";"0e48536b-7d95-3f89-955f-96579a716cba"
"1324";"e6dc93e0-0978-4b09-b038-ad315d427009"
"1325";"2d752bbc-eda6-4baf-8273-de9c16b21afe"
"1326";"73249796-dda7-4fd2-899b-8e8819dd1a21"
"1327";"88be3089-67f1-460e-906a-18169241c279"
"1328";"150a34e9-7495-4452-b5ae-094610c0d436"
"1329";"5cf1960d-d7c1-31cf-99e1-41c00069a471"
"1330";"cba282c5-dd83-3157-afb6-9af6a5af7709"
"1331";"8fdf5ccd-98d2-3283-a6c3-498871addaf6"
"1332";"75233d2d-f361-4992-91d7-0a7a6b6dcaed"
"1333";"5c8f32ed-8a70-3f2b-afc9-8456ed844a76"
"1334";"17d31a0a-09c2-47ec-81d6-dd9c7543e388"
"1335";"06836538-a08b-419b-b1b5-f1f0eee90ef2"
"1336";"3110fcd2-b50f-4216-b0a2-2734500cbe84"
"1337";"bcb14f26-6b76-4eb7-b503-ff2c1df393fc"
"1338";"2f742e01-1a66-4592-bf8f-269e2b34f356"
"1339";"7461ca27-65e8-4106-a75e-de068dc3a619"
"1340";"73087b9f-222c-4aca-bf51-778c9558e976"
"1341";"9bce96cc-8d4f-38f3-97d5-decb81ab7119"
"1342";"1ff79d63-3311-44b8-a522-496d290de70c"
"1343";"88fd750d-1280-4a7a-8d49-8739c99f6db7"
"1344";"0761fabf-f7b8-4539-839e-b359bdaca08b"
"1345";"548e8c9c-b897-3bb8-95be-c2a0f3796523"
"1346";"50e80ba1-9a51-4377-8d30-16f6d4a6e6b1"
"1347";"07fbcaf7-4f33-45f9-932d-a4e59bbcf032"
"1348";"308c6651-c2ee-49fc-89fd-b9cad18e9481"
"1349";"219dade4-ac1d-43b2-9bd0-155d97cc604a"
"1350";"29436531-8e43-4e5e-9d36-037e775e2883"
"1351";"b83f9f2b-1fa9-37e7-b040-b8626b7ee498"
"1352";"a6db272a-22e6-485d-8d6b-e6d7f469a08c"
"1353";"54c91622-a67a-4da4-9fce-1a37516ac12f"
"1354";"e292c47a-49d6-3b11-88f9-9938e77fd15b"
"1355";"9f05d3c7-d1b1-4e2e-9130-f66a9df43997"
"1356";"6dcdfc2d-f37a-31ab-8994-e66f7934d866"
"1357";"27009645-6238-4783-90ec-6533f40bdf06"
"1358";"7f0bb1b6-5ef3-46b9-a74a-835ba5aad5d0"
"1359";"31b85ba2-e205-4c74-b22d-ad435995c4fd"
"1360";"da74b0ef-1249-4e6f-9e9f-bd62d96496b4"
"1361";"4d342478-bfa7-3cda-a1ae-a064d0559ddc"
"1362";"b3e57579-28ac-4afc-b92e-6291af068b39"
"1363";"0146fd3c-d551-4ba8-83e5-f041fdd29f85"
"1364";"155371da-3a46-4a4e-80d5-1e06d175ecae"
"1365";"2678a8d3-7d3a-38ba-98ab-3b4cbd357218"
"1366";"5fb66781-17d5-34c6-9ff0-eeba19d4e240"
"1367";"045bd22e-b181-4b67-8fda-dbb47a66cef6"
"1368";"3757327e-2af5-44f9-b78e-e8c9e5950217"
"1369";"33f03df7-ef61-3f7b-af8f-54b84287fd72"
"1370";"58ac616e-232f-47dc-9405-5ff04f1603ba"
"1371";"368b3d2e-9b3d-434f-8208-2329e065773c"
"1372";"05472483-8124-3552-93dd-b3c6d1e106fa"
"1373";"1bbf14d8-e257-45c3-9454-7e1372d8ade1"
"1374";"23610e26-f231-41fa-a71b-2d97098ddeff"
"1375";"4ae747c7-64f6-4426-b385-a7870f71b133"
"1376";"112918ff-5036-36b6-9bc4-1958f7ce9c44"
"1377";"97d046dd-e145-45df-a417-9aa76de2784d"
"1378";"249a5c51-7002-309e-9871-95cdcea77153"
"1379";"1589c9ec-b9d8-30e6-8f0c-57dd7c52ec35"
"1380";"84face06-147a-3fc4-8728-f83f6a4bc71a"
"1381";"5a5b5fe2-0898-3026-afb7-378fb8373752"
"1382";"aa06acce-1cd8-4082-9550-630e2b1c5300"
"1383";"34725eea-3352-4e0e-9fc0-c40776fdf3bc"
"1384";"1a7d2329-6b2b-3689-a4cc-bdab42d4d0e9"
"1385";"6f4983e4-ae3b-47f0-b723-9d4750470943"
"1386";"3166b55c-17db-3a92-87f7-3b62d0222c46"
"1387";"4db35bce-fbec-4362-a620-b89434ff8ef9"
"1388";"44346661-bdfe-44db-b31c-2b5cdc582dce"
"1389";"b6f6d5d5-dc60-495b-ab0e-57752fff5303"
"1390";"3b7453da-f435-4e22-9e33-15c78727fd90"
"1391";"d75f25c0-bb4c-36c5-ad59-9fff8411dafc"
"1392";"aa69a080-f4bd-44cd-bc3d-513880be9ea5"
"1393";"0a316273-a395-38c1-9464-940b5cb529dd"
"1394";"0547a518-9d0b-4a26-b790-a203b677a0ec"
"1395";"9fabbb9e-0970-4497-a8f0-f8208ed17623"
"1396";"923f472e-10c9-4411-88c7-e2ebde8d0e3b"
"1397";"63e7904b-ba2c-4f4d-abcf-05933556692f"
"1398";"75699584-e074-4e53-b84c-7fd17bede1e0"
"1399";"e9b2d0db-db07-3206-b78d-4f4347e346a6"
"1400";"6a37f216-01ce-4102-ae19-d3546925cc24"
"1401";"430d0a69-273b-342d-b0dd-e5c7324d7aa5"
"1402";"24ff3bfc-19aa-4440-bd03-36df63b55a93"
"1403";"821b847d-e4c8-409d-8751-42804971f97c"
"1404";"b5e50e39-e23f-4786-8af3-1d33891b2497"
"1405";"469cfbb3-5a1f-3daa-9495-cec776a2d2eb"
"1406";"c3761607-eae8-476c-8953-513a845e2737"
"1407";"dacb200a-999c-44fc-ad10-9651dbd51fa8"
"1408";"2c08f20c-afc5-37eb-bc81-1064a53a5157"
"1409";"771a0eab-154d-4186-a9fd-a76877ffbf66"
"1410";"44f67ad5-cdff-3036-80e9-bee67402ded0"
"1411";"0bb51eb6-fac6-464a-9e44-f7a832507d86"
"1412";"bff295ae-51d0-470f-b6a9-d511643e753e"
"1413";"33b02362-9faf-4812-8c49-7ddefab6102b"
"1414";"e8f8ead8-7abb-42f2-8974-19c6b16cf4bf"
"1415";"04d00fe0-37c9-4366-b764-cb6938570c3b"
"1416";"2bf1fb73-456f-45c3-9b7a-9edae7e8e99e"
"1417";"e86f7313-c846-4346-8ace-895df64713b9"
"1418";"3b5c6a9b-63d3-4de0-bbee-97f9e1eed1ad"
"1419";"2c965efb-dd6e-430b-bd4e-be8a5733aaac"
"1420";"efc820cc-9d5d-4aff-9791-1b6e17340804"
"1421";"a4b9e49a-d751-46aa-9c79-8aa8bcb3ad93"
"1422";"f4ff70fd-2908-4540-9246-5922aa48987c"
"1423";"b04a480a-efd2-4227-954e-215450960946"
"1424";"25322466-a29b-417b-b560-399687b91ddd"
"1425";"e349e382-89d6-458a-8394-811a0b4ad36f"
"1426";"1c520891-167f-3e14-a1c3-9f07ed0801c0"
"1427";"5361f3fa-75ba-3ec9-87a3-55495a3eab1a"
"1428";"09855083-1ab3-3696-b9e0-aeb62a517269"
"1429";"0bd2ee79-c144-42f0-9b29-d2f1fb86f42c"
"1430";"47af9a90-6688-320d-a058-767e2ae8828a"
"1431";"b68f281f-9d53-3a13-991d-b0de2c1ca6fd"
"1432";"19e58d58-40bc-4bc5-af31-4f60162e321d"
"1433";"0a11b384-0ca2-45ea-b042-fc8233f758f7"
"1434";"a518162d-aa7f-4bc1-b78f-c0ff7bfc64d4"
"1435";"fab8abed-c813-4d2f-98be-3848326a4497"
"1436";"456d7f44-4a78-46f1-a6fe-5e3bbeb3d50e"
"1437";"e5eeaff4-81ca-4d34-a03c-e3e9e7ee7ab4"
"1438";"72253db1-8bd9-4b02-9e51-a2625cbe1588"
"1439";"4dd84b0f-c1e8-4229-8629-a5a2ee242d36"
"1440";"0466b981-0b33-43dc-b849-3d889eab7cf0"
"1441";"2c80ce6d-a9de-4dac-8d2c-69b1df44c9c0"
"1442";"a8061caa-7a20-4a2a-a0c4-a91b2eb0bf73"
"1443";"ee1de590-787d-4fe6-9eea-94b5230691f9"
"1444";"4467860a-0faf-477a-ad90-897fe7944615"
"1445";"ac980052-5051-3e53-a976-571bb16668a1"
"1446";"0702057c-cb90-43d3-b7b4-6d0cc37e8644"
"1447";"7a4634ab-9466-4348-a17f-8337d555fc45"
"1448";"60fb2641-4078-47d0-a2fc-16097fa42a2d"
"1449";"3d8a17df-66ba-4e84-b601-9e80269c4b14"
"1450";"099d12ba-347c-3d49-8544-18fecffa317f"
"1451";"4e8322da-8382-4191-b2b6-6879cfe5266b"
"1452";"4de137e3-3cb6-49c1-8f01-9e7b4c41fc9a"
"1453";"386e22bc-d967-4224-98cc-13ec5315751b"
"1454";"78188810-df1a-4ac0-ac60-57e3bd84284b"
"1455";"ff4061aa-4087-38eb-beed-a985baa9a55f"
"1456";"b3c594b1-0593-43a3-8cf2-b5e352e70db0"
"1457";"f26a97e8-460e-44cd-9866-d64952509546"
"1458";"29ba0e0d-dea4-47f8-961c-4bb811d1add3"
"1459";"95b6a9f9-70e9-35c6-8846-2d8e2cdb9cbe"
"1460";"7e3dd505-220a-3560-99df-2459afd045d8"
"1461";"0ec67913-5de5-4ca5-a354-59f34af17c77"
"1462";"11551eb4-d05d-472e-967a-a1f698f8eb85"
"1463";"11998bf3-4f4a-4b99-b584-56a213ada5e9"
"1464";"ce9f5124-4ceb-39ec-bee4-c66e64c218ce"
"1465";"6bab4bec-eb98-4e94-887a-de1df5cf471e"
"1466";"14fbb314-7b3d-43c1-8124-cd2d36d74a37"
"1467";"99d62dba-3f7d-4e04-980a-809f3e7e7a9e"
"1468";"023b8ed3-ce56-4eec-8e90-fafab45a4314"
"1469";"a0df5f56-af36-4341-bd11-290df97de1d5"
"1470";"0e67612e-0c13-4fe1-9f3c-a3d82025f3cb"
"1471";"0ca6f12a-7125-4dc1-bc4f-6003102d1164"
"1472";"795178b1-926d-4121-863a-7c801448becc"
"1473";"05dbe77b-88f6-4373-b1e0-fc396e8c34ad"
"1474";"12e42062-3563-4cef-9558-1da5a9cf12dc"
"1475";"a246b391-3070-4cde-acf6-002b56342588"
"1476";"ea6d5a6b-be84-4835-b5c5-f28dd41ba884"
"1477";"9e944b69-8e75-47f7-8d85-1a2584bf3f7c"
"1478";"04d02f96-fdfc-428a-8b3d-366b58f99798"
"1479";"8e891c6b-47ea-4406-9dba-f8969daa8545"
"1480";"335cab55-8a2a-49b2-8813-3a3a8cb6e0c6"
"1481";"76d0d68c-8077-4cfa-b709-9e1d1b733759"
"1482";"e93ce952-e371-4630-a611-5707b46f147a"
"1483";"9feca21b-72bf-4190-baaf-dcb2a97368f4"
"1484";"cc5bf983-8d0f-4d3f-81de-0bed1010e6ec"
"1485";"62ea06a1-8517-4e85-b66f-c2eee37e5b68"
"1486";"e624157f-c27a-4c72-84c5-f2f0216475ef"
"1487";"29f6aa1b-d923-4809-b5a9-0213e96ce7c4"
"1488";"bd392436-fcce-4fa9-ae5b-23620a7f9904"
"1489";"525a40fc-b3c2-4537-8359-6849467cf79a"
"1490";"7086bde4-968e-48ef-a331-4083d57ec8f3"
"1491";"1cfa5f86-f0a5-4af5-adaa-477f0570c554"
"1492";"8aeb0d08-4826-45c7-bfd7-e5a7be9ff68d"
"1493";"7206aa04-4a97-44f2-95a7-fbeaccc79091"
"1494";"4d9ce319-9033-4607-bab7-ab75b8446453"
"1495";"ff966916-47f3-48b8-95ce-75ed50f6673c"
"1496";"e349eaf2-865c-4b47-b719-29d4b5f8e789"
"1497";"6bd5b7e9-b8e3-485e-a6af-ab66adabfb14"
"1498";"63f0cddb-dc10-4d5b-b37a-420a1a512f4a"
"1499";"0dee5f9d-44b2-4b0b-92aa-9683c9afa5c5"
"1500";"e21a0cac-0e21-4425-ad35-3a1c2c5a1b80"
"1501";"04e7202e-3e2d-4bd8-8331-5ad492a83849"
"1502";"b23e0ca5-5329-4d87-a8b9-992a1f8b6519"
"1503";"36efc83c-2c2b-41d7-b713-e19792d40a3e"
"1504";"7d40d5b5-eaec-413a-9320-5e2f7818b3d5"
"1505";"7ecb95d1-f3d6-440c-b322-e3c96fa78bea"
"1506";"0ba7b546-d5c6-4011-82b3-8118c6e093c2"
"1507";"31ca2d52-c005-451e-bff2-0ad474ba8288"
"1508";"a7b2b30c-44a4-4fbd-a4b7-5ebec5259f3c"
"1509";"ffb06121-447a-4e09-b2e9-092928739d9e"
"1510";"77294675-3802-472e-a09f-2b70ea967395"
"1511";"5bf9dfbc-a02c-40e0-ba09-7348928b6093"
"1512";"26300971-254d-4003-bffe-339507c30b62"
"1513";"50952560-4dc2-4a5f-a4b6-83baf43b9f15"
"1514";"2e9e61c6-cb68-48f1-a721-7e12264b1511"
"1515";"90673f6b-8306-4663-93d9-eb2c40c4356e"
"1516";"a7ab3651-d2e2-4f22-8620-f53d4827ef54"
"1517";"6e954769-d26b-46b2-bc93-33caedf3e90c"
"1518";"541c94f4-e448-4cef-a6a2-701bfeef9e70"
"1519";"191d6c3e-2f2a-4961-abc3-d10bda2c1b80"
"1520";"20fc2ec8-d864-3001-8cc2-e9ed4fac11fa"
"1521";"717ba050-e3e2-429d-b02e-e450c18c7355"
"1522";"fa7c17ec-c5fa-49fa-9130-7a0daad4993d"
"1523";"10ac6630-f65f-4875-8494-750f850eccdc"
"1524";"5c27af31-8fe8-42bb-92db-fe413d7b8177"
"1525";"cb55ec82-418a-4560-b5a4-1cedd2785c2b"
"1526";"2fd00edb-391a-41ec-8f2f-01e2c202d9eb"
"1527";"8d95e2f4-96fa-4d42-a88a-61a013e4b1c5"
"1528";"f2f1a163-a620-4d15-95b4-709d79526fc5"
"1529";"5607085e-abda-4cb3-a4da-6daf990929d1"
"1530";"8ba733e5-83eb-449f-8bed-6d48e8f9c697"
"1531";"c1f9b5c4-0f73-4a45-a93b-0206c23e2458"
"1532";"f1c4d68f-1a62-4985-9788-2eef2882855d"
"1533";"cc8ab83b-5d18-4fb7-bf31-4323bff4c341"
"1534";"94678227-850b-4690-a1a9-1eae86361f86"
"1535";"93be2c5f-b9e2-46da-8bc8-04ab3e384682"
"1536";"e9e2eaba-acfd-43ad-97c9-0817d94d4a36"
"1537";"3686162c-6a36-47ce-b6fe-18a4bb41a0ca"
"1538";"334170cb-f992-41dd-a535-0812efd938a4"
"1539";"3bac2616-0179-3797-bf51-dc0e6c190d45"
"1540";"507ab80a-a8fa-4f67-ab6f-5fa180b7325a"
"1541";"4cd29b10-b533-3ece-a551-23f95a03cbdf"
"1542";"a58ae061-b100-4e21-a34a-c5c8f0d4aa7f"
"1543";"d4bce5d4-47ac-4c92-b244-aa1037a4f8e5"
"1544";"438a942c-632b-434c-a28c-da982da2c7a8"
"1545";"de7e9fec-bc3d-4635-88a5-8ac35a06aa9e"
"1546";"5921d6cd-d098-46f4-a69e-7205ac29bbfe"
"1547";"6454242a-1fc9-49b9-8e97-fa03d7050bdc"
"1548";"9f04e967-02e4-42f1-986c-855197bb7de0"
"1549";"2d7d73aa-bbc2-4a37-971b-d58cd525a846"
"1550";"c78319ce-9e7e-44c9-9b6b-1e875ad8cb0d"
"1551";"af33460a-0468-46f9-9535-cd487d4fa85e"
"1552";"5e5bfaf7-72a9-4a68-8a87-0f3f6a49adf0"
"1553";"36493eda-1c14-476d-a1f4-edb4e3f06671"
"1554";"83675dbd-ec66-4d0a-93a8-cd386c8236c1"
"1555";"8cb682fd-5155-478f-9106-faadcab76731"
"1556";"c04bff0d-7dd2-4089-b6df-6507d255f626"
"1557";"6387fb89-90a9-469d-b96a-b682982a409c"
"1558";"adfe4b45-1847-4877-8e6c-cad1771b2798"
"1559";"c6d5f0dd-600a-4503-a7a7-ebd0595e5aa1"
"1560";"b501d171-7998-4d82-9dcb-618af9910b16"
"1561";"b5776984-1a62-4cfd-8e4b-178566472543"
"1562";"efa5c463-b8c1-40f6-9324-e14fb4b08471"
"1563";"4fbd4870-e369-4b3a-8bae-d79e7ad57491"
"1564";"2e9859d0-c740-4214-ad70-3870b842acec"
"1565";"1bb037ff-86ac-4cee-b011-bf1288b8c8b4"
"1566";"01586826-b4ab-4617-9a18-25cb051d07d8"
"1567";"aef44e12-bc26-4a77-a575-d3bb76060724"
"1568";"3be2cabd-e633-4526-b429-450547f085a4"
"1569";"578d853f-4457-408e-969e-35e61cc9d508"
"1570";"c9cb5fca-e027-4e71-a014-0d3cb8cbeb32"
"1571";"bfa55257-98ce-4603-97d2-30e325d20764"
"1572";"1601e79e-2682-4c51-ba37-314da2eb5c5a"
"1573";"c7da999a-c549-4720-aa24-bb95444c535a"
"1574";"10568636-254a-48be-8342-cc567fcaa105"
"1575";"07c7d680-5937-4c61-b7e3-55b1be5be47d"
"1576";"663dc26a-9fec-4123-8911-678f50ab9a7d"
"1577";"fd9abc02-c607-42df-8e89-e373067c8dc1"
"1578";"832dd87a-b246-4fd7-a153-fe3b592b774b"
"1579";"7bd6b690-da36-458a-aaee-28902e2b3338"
"1580";"0a6b4131-2401-4983-b21d-902cef89017c"
"1581";"06a1a88e-265a-4d47-8bde-bd0063e59753"
"1582";"05d90e46-7e7c-4a87-bc86-1eba841e5223"
"1583";"6241af0c-8a15-4902-a8dc-c9554b457359"
"1584";"82ec7c9c-9cba-4a9e-ba74-211e170149c6"
"1585";"7067908c-402e-4c17-99af-4c509b89d91c"
"1586";"0726c5f4-da29-4a78-a8ab-b08e632fe3b9"
"1587";"138edfef-da8d-4992-a93b-d41ac314e93c"
"1588";"21672dad-42dc-4fd9-a845-d1e675780329"
"1589";"cc41a19e-e47b-4521-8db1-f174496c81c2"
"1590";"d2ee5e04-e4f2-4c1e-92f1-89723aa51370"
"1591";"2e23341e-9a49-4cf2-89db-8ddd882da2fe"
"1592";"ad900663-0ca4-4dfc-8325-07dc29325b50"
"1593";"957ae76a-a920-4bb6-a71c-d9fe8949477b"
"1594";"df37a213-5a6c-4e3f-a491-bf0976bc4294"
"1595";"5c3bf8f3-35f4-41cc-8197-4141060ddbc3"
"1596";"513ef1c0-6e3a-4aa8-bc3f-4bbe7da09c17"
"1597";"91d61889-a70d-4694-a303-128ce10bc17d"
"1598";"306adcf4-39b2-4706-919a-f960cc7a1c48"
"1599";"29fbf8b1-b0ba-4d53-8ef4-ca0d0ba62c05"
"1600";"6a77c017-8b1c-4603-9661-36b149d73d47"
"1601";"3206bb7e-f4fc-486e-af0c-1ea106a47fc9"
"1602";"fed15943-7a2f-4145-b927-d54bfdbb47a3"
"1603";"43c9fdea-06a0-4034-9d42-c7d641deaf60"
"1604";"752ea0c9-884b-48ed-aee6-da1cf43fc823"
"1605";"43bd1c61-c8a2-4877-a57f-93cdf262c761"
"1606";"99e55d7a-2866-4b5b-b182-2b67d78bc869"
"1607";"725a7242-21bc-47ec-81e7-327a14bc0130"
"1608";"09a09037-1ebd-3d38-a128-38ab11e6b0fe"
"1609";"07066b10-cd86-4e6c-9a74-0499cfc1201e"
"1610";"afcac2dc-3f65-48ec-8aac-b622348769a4"
"1611";"faa2ca20-d9b1-4ccf-bfe9-fef42feaa221"
"1612";"88acacae-45d1-44d8-92e6-757abcfa9028"
"1613";"8057ef27-1fb3-4983-b1cf-40915876604f"
"1614";"4794d2e4-698e-4ad4-9107-50ba68ed68eb"
"1615";"9e7fbff0-f167-4b80-8a33-f86c372cff02"
"1616";"735c3c9f-8317-44ab-ab71-826f51d10acc"
"1617";"9c1d999f-b225-37d4-9347-1c4ccb2b45d8"
"1618";"b00d21be-7bf8-4864-b3f8-1b433bacbdd9"
"1619";"ebc6e131-2301-480c-ad3f-4e0b790dcf05"
"1620";"4e5797bf-e171-4e52-a4a6-51722a5aebe8"
"1621";"4c35702e-9731-49f6-89ce-ea054e331d44"
"1622";"3449ef2f-15a0-486a-8667-c91eb052cbf9"
"1623";"b082f5cb-0783-48e0-aa41-03e7d49f7631"
"1624";"7dfd5c40-ee28-4fda-8369-fe3748f75930"
"1625";"b659c7dc-d954-4b6b-8624-42fbedf92439"
"1626";"fd255089-2489-4a2c-af2f-ed8a4e98ccb2"
"1627";"ddce08ce-f752-3e65-859c-be2a066239db"
"1628";"1630c6ed-bfd0-46ac-8a92-50b8bc06ae02"
"1629";"90331d52-7f39-4987-a76e-48c920c20aa1"
"1630";"a6f975b9-ab03-4f43-89b9-14cfde95c008"
"1631";"f79cbeda-72f9-46ad-b130-b9bc8d1392f7"
"1632";"24b6a96d-93d7-474e-a70d-c00ef4cc27a8"
"1633";"67b7bfc5-bc07-409c-ade9-dd1b4ae33cd1"
"1634";"1059c8d6-462e-484b-8837-e9fa4e55a61d"
"1635";"30d0361e-9c72-4095-aa04-e42d71d6ab01"
"1636";"a5d6165e-2916-4183-a14f-7458e675d8db"
"1637";"53351ea5-0a4f-42ff-9bee-4a7d3c43fda8"
"1638";"8578cc26-78e9-40fa-89c6-c3483ef442c0"
"1639";"7ed65710-22b8-4229-99ab-da08b992807e"
"1640";"70f071e3-06d9-4ca0-bf08-2a929a784d19"
"1641";"df0f66d1-aad5-4fe1-b758-3fd5aa5908b7"
"1642";"6651a160-bc28-4325-afb5-aab63cf5d55e"
"1643";"8c0a4e8b-d9c4-466f-9a01-b0c896947ee4"
"1644";"f214ee54-647e-4b09-981a-8251d3da2508"
"1645";"c94fdf03-e3ab-44e0-b7ee-07394d456ef2"
"1646";"89dfd9fa-f8dd-42dd-9128-8d5991b4bb33"
"1647";"b8c89186-02af-4d5b-9377-9505de7670d4"
"1648";"d7880234-febe-4cae-8362-b5b39b233b07"
"1649";"2e883027-8dbf-4b8d-835f-4c73ad26cff6"
"1650";"a2ba6ddc-3b61-4c24-a184-eb8ecab1634b"
"1651";"79215cdf-4764-4dee-b0b9-fec1643df7c5"
"1652";"2bef32b1-a0e8-4fa5-bccf-0bd9506e61c8"
"1653";"f5aa8083-768e-495b-b7ce-0918cc9ff5d3"
"1654";"ad249aa2-bf79-4042-8a49-ae10547203d9"
"1655";"85700afa-e4a0-4d53-bb79-d398778d63bd"
"1656";"f76fe60e-1472-4bee-91f9-7247cb18fa73"
"1657";"ba23ad8e-0558-49bd-8064-178a89482b29"
"1658";"cef6f9d2-9906-4f9f-99b0-a93c8e8d5316"
"1659";"17cfc9a8-959d-4fc6-b9b0-b00718d4da8b"
"1660";"8117004b-e3b9-4203-882c-45b9db809f3a"
"1661";"542d7165-12d6-4b50-8a12-19ef0a78d374"
"1662";"c06c34e8-15b5-4728-abfc-c7a4bca2c956"
"1663";"f088b664-4e40-42d6-b2ca-f86ff631c1be"
"1664";"8eb45cda-d436-4038-ae4e-7559798d1299"
"1665";"06bf3d2f-1992-4a86-9aa4-dc0b438fa509"
"1666";"c970e104-08b3-4de9-83d2-758035aff77a"
"1667";"43a72324-574c-47e3-b9b8-022621610d9a"
"1668";"3473d4a9-a56e-4a31-a6a0-852eab8cd533"
"1669";"26c56762-070b-4573-bfd3-df669d0244b9"
"1670";"cce11ff7-7a5b-4a0b-b415-fa55e2cfca00"
"1671";"1b509a3c-1239-40c4-8c01-815dec77069f"
"1672";"4b6736d8-2123-4cbf-b6f2-fb7d79b30745"
"1673";"cea90df8-d488-4c18-8f85-d3f86260377e"
"1674";"a4514530-80ec-4765-a903-6dac355031e1"
"1675";"7533d42d-679b-4c27-b44d-227494fd92c5"
"1676";"70a56e32-7fd6-4724-a57d-68755c78ca9c"
"1677";"16ff2d98-395c-4c87-aac8-cc4d62a853ec"
"1678";"103ce0ab-6bce-42fa-a7d3-8b086551ff32"
"1679";"428fd26d-50a4-415f-9085-6cb15b6a616b"
"1680";"1f7fefa9-b2bf-4102-9766-6b932279ca9b"
"1681";"85f1e2e0-3a23-4109-afb0-1676ab719f5e"
"1682";"543b1a1c-8d4c-45f4-9cff-418c6a7f27dc"
"1683";"234436dc-af9c-4a6b-b6cd-6aee78f4a961"
"1684";"4a5a2821-8050-49a1-8a0b-b7f8db6528a4"
"1685";"212447aa-119a-406f-b368-983f69e18b2e"
"1686";"d1b10da9-c1df-4619-9c5c-da7599df5b56"
"1687";"2e3f716a-4910-4d67-88ed-665f3de4e242"
"1688";"fef24c03-b1cd-4c7f-8e54-a6b103c55c88"
"1689";"0a625224-3978-47fc-a22d-91936994e891"
"1690";"4eb38eb5-c127-4487-8638-e4d2dd69be55"
"1691";"e03cd611-96d2-3c4f-93b7-7a04338c0b3e"
"1692";"489bc2d7-2f5a-30dd-9ef5-4a7fa3c748cf"
"1693";"68b762a7-9db0-48a6-9817-9643110db99d"
"1694";"61aea16f-4c1e-4ce8-91f9-b99ecf04f584"
"1695";"a70a0265-de2b-4a4f-93cb-3ed012c8e2e1"
"1696";"f4b0f4d3-2b1e-4dcc-861b-75f7ddd5c806"
"1697";"590e84a9-8851-4355-9636-2b9460e5cee8"
"1698";"6cc96f79-98c1-4ec8-b555-03626c2dbd32"
"1699";"f79e96d2-fb5d-4a41-bf45-4a270133b631"
"1700";"aa75e8de-675c-4563-8fa1-d04d21b67a1d"
"1701";"22f1d5cc-61a7-4976-975b-bf123e685fb9"
"1702";"051657f4-b9bc-431a-a423-84a69f0df94b"
"1703";"ac04d3f9-567e-4804-99b5-aaab5d1052d6"
"1704";"cef61ec0-99cc-4acd-99a0-7fe961334080"
"1705";"ec29f05a-54a9-49b9-a58d-223548594e82"
"1706";"8d2005c5-4fc8-4738-80ea-8164b79b5d5d"
"1707";"04225fb1-d0a4-4dc7-b317-db106ffb5871"
"1708";"10f2ca33-e24b-4aef-ac80-24361d78ed37"
"1709";"0f7b80cb-3067-429e-953c-040f1b5b9ef6"
"1710";"ea4af906-4d11-4005-ad9a-d1ad67be253c"
"1711";"66ffc720-a307-47cd-8708-342e706f2923"
"1712";"1fa1ca8f-9e91-4a6a-aacf-b4125da90068"
"1713";"b5d5a923-0adc-47d4-847a-421cbe5823dc"
"1714";"192ef3d0-9f54-426c-9485-b867c7d3798b"
"1715";"1b6379fb-8b83-4d07-9375-854cc90ea1b3"
"1716";"362f6250-d540-49df-a016-f791e62de145"
"1717";"727fd5bb-51ba-487f-833a-ca3a91d77e6d"
"1718";"d72bf4d7-3bea-38b5-87df-9ef01eb3b14a"
"1719";"c93c34bc-163f-49c8-974e-c9895f03851e"
"1720";"59143316-e940-4750-905a-23b498f69b13"
"1721";"0b2a9196-d842-4a2b-89ea-d77838789384"
"1722";"d8ac6819-6715-43be-8c94-e39c98c441ea"
"1723";"84e803b5-9515-4c41-b8e1-42f86b4bd8e8"
"1724";"2c65b78e-5abf-4824-b2c1-a548109ff6fb"
"1725";"07216c6f-5932-49e6-846a-f3fd88b8d618"
"1726";"4dcaa0f1-5b3e-40ae-b707-346ab0840b50"
"1727";"3dff8396-82b1-4a35-93a9-77ad34a994a9"
"1728";"a6b5b4d4-141d-4d0d-ba71-5f796c65101b"
"1729";"2ce5a108-3c12-4427-81dd-b4b785faef90"
"1730";"0435a31f-28ff-4799-8c63-c746aeef8ac5"
"1731";"8e9d39b6-8189-4c78-b7b7-5d4d37d730aa"
"1732";"fb17fca2-2458-46b0-bf5c-5ecb734dda7b"
"1733";"19da7e27-3ff0-4ba3-9df0-76bc1e787ad1"
"1734";"c7154046-484d-46ae-898f-11ce645a6b6b"
"1735";"5edf2469-5df4-4b56-ae8f-6a70dfb0ef6a"
"1736";"06c2acdf-2a6c-4f6d-b802-cf076fde1d1b"
"1737";"17b5943d-8996-43c6-819f-0c7a83ae4dd2"
"1738";"48932979-61cb-452e-9000-c95754af3fa3"
"1739";"01430596-3eaa-4d2f-8198-8e15aac948bd"
"1740";"1aec63d7-3d61-4b49-843c-32a01e18198b"
"1741";"0bf00c15-8b27-477f-8ee0-e229f9622143"
"1742";"be4ab07a-3749-439d-bfde-615538a4a28f"
"1743";"33a6f699-e921-4ab6-80bb-de1186893f81"
"1744";"294ce5a9-a36b-4e41-982e-56f2f94bb581"
"1745";"916f848c-9f76-46b8-89cd-da3c964e4933"
"1746";"3142baf1-e562-4759-9510-be1983e79e8e"
"1747";"8e65b9de-3b2b-489a-8182-ec4b261faa64"
"1748";"831344f7-5963-4acd-aa11-32ee34ae8ea1"
"1749";"36b69931-add2-4409-8d7a-939f277223f2"
"1750";"0d1c75bc-5953-40da-99b3-9491d03cf424"
"1751";"1fa4b7b1-234d-4921-a83d-b9f68e242d49"
"1752";"462444ef-98c0-40d4-8b22-e089ed44b63b"
"1753";"02296e21-5894-43d0-9e33-b31570165b3d"
"1754";"7a0595a5-6c31-4e2c-9f51-e52b0a72b223"
"1755";"bc393ea7-563b-45ca-9527-fe2e08922df8"
"1756";"d8ee3fb5-e02f-4459-a26f-e4301beb32f1"
"1757";"b3dcc134-4c86-47a4-9582-5db6fc21246c"
"1758";"48d72b66-7cd0-4a3a-a21d-1de14a2ec827"
"1759";"c2418376-2c16-416d-84a6-bd045f0464dd"
"1760";"b0ff92f3-669f-483d-9e0f-6304c50c3327"
"1761";"41f9b6f3-3a56-4921-8ef5-a126fc96258b"
"1762";"a6b275f9-8b57-4668-a9cc-d0fe76effcd1"
"1763";"058c286c-5068-4de2-bcb8-ae41008b4d94"
"1764";"0ea1ee01-54b6-439f-bf01-250375741813"
"1765";"1138158b-6977-4bef-8251-12a4aa573cfe"
"1766";"f9953a54-556c-48e8-8bd8-fd9cb32e2ce5"
"1767";"5f816880-92a0-4e5b-a367-21dfba772faf"
"1768";"85f02ef9-7f72-46ea-8204-e32801709adc"
"1769";"78f533b9-4722-4f11-ac0b-c16feed77425"
"1770";"43874469-e28e-4f7f-94fa-f99e4017bbf1"
"1771";"b79adad9-0a75-4e8c-a337-98d3f90b6a36"
"1772";"1e72ba35-fe16-4de8-8a1c-029a4859d114"
"1773";"17403b4c-ce83-47a5-a932-763894d91e3c"
"1774";"b0571d00-c6fc-40bf-95f8-5dc87c3f0b9c"
"1775";"ffbff4b3-201f-4f7d-ab28-de238cce6d06"
"1776";"5318faa0-3b65-4590-af5e-f1f8e0367d35"
"1777";"0e31a2c9-23aa-40f0-9340-bb73809601ce"
"1778";"354bd634-a0dc-4207-bcd5-2039aa9841e8"
"1779";"11bf64b3-936e-4afb-8ab3-d209ccb2995b"
"1780";"6655006c-64be-4496-a4f8-75c5da9a9864"
"1781";"149bef6b-74cd-4a62-b196-863bb133dfa8"
"1782";"00b0d340-d4f4-4c5e-9765-feae9aec9709"
"1783";"e76982ab-1520-4e96-a25d-b37636882cec"
"1784";"ef270c1c-1c05-4649-98bc-5cf41bb64ed3"
"1785";"a125592e-e6a7-45c9-a64c-0ce4704d4141"
"1786";"753bc884-a8e2-4d28-8689-314d727374d7"
"1787";"3e2c5086-22ec-41da-b0fe-741358867814"
"1788";"b152df81-9311-4f9e-9eb6-659ade6a8c06"
"1789";"0b815600-2df8-43e4-b015-f19464708495"
"1790";"e04e7abf-d541-4180-86d1-17aa2926ed31"
"1791";"6e958350-461d-4614-bfb4-fe01b82b6a0f"
"1792";"7ddd2b42-af35-4502-9ab7-0b579aaf4c28"
"1793";"2e93eb1f-eb53-4547-8504-7e214047562d"
"1794";"90871b67-e396-4ca4-aef0-46d07b818dd6"
"1795";"ed46d108-080a-47e3-99fc-dff0dec9f698"
"1796";"cc52f61f-de45-482a-8922-e664d54f7363"
"1797";"1f52e04d-1a4b-4109-af46-91d84fe8881d"
"1798";"720e5ebe-5d58-400c-8f3e-88ea3459ed59"
"1799";"063f311e-9c81-4616-a007-b76e3df910c9"
"1800";"486252bb-3639-4ee2-a53e-149a1550b2c4"
"1801";"56093d48-8af0-4b4a-8ebe-1d907b1e5c6c"
"1802";"23b8e385-f058-48e5-a2df-05480a6264d7"
"1803";"1b6eed4e-06d6-4f66-9201-c1ef00af5b2f"
"1804";"aaed190c-fc3a-43c2-acdd-aa06b390b9cf"
"1805";"be1ab790-ae22-4700-b722-22be7c9bbe70"
"1806";"a5e2eeb9-2637-4a90-9e89-31c3a5729bfd"
"1807";"121f3e88-3c2b-4feb-84bf-69fd396bd7ad"
"1808";"478d3634-80fb-4fac-9248-992eb8e63255"
"1809";"505206d9-61ed-4ecb-8234-d4dc3b89dd68"
"1810";"5079e05d-49ab-4d3e-92ae-781fcf5d3844"
"1811";"2a7560b9-175a-42a1-821d-7e76bb5bf26c"
"1812";"e1799def-03a3-42fc-b74f-45dd2d46e5a5"
"1813";"ee947c39-0137-41f6-ab49-1b83806e5b4f"
"1814";"a5bb7a1b-f162-44a0-b833-69fb8bf13125"
"1815";"3bb4300d-089e-4802-af78-097d55ea71e3"
"1816";"08b57c0b-8558-4253-98e4-8728adc26e1d"
"1817";"fec8cecb-9627-4b42-a729-d9d0ea1195e2"
"1818";"b990c645-61cd-409d-b193-8ee5ae6174b8"
"1819";"837e32e7-8852-460e-ab8e-fa754625bf29"
"1820";"7f970a4a-8e00-4d4c-8ff1-2205a69eb7d3"
"1821";"1897d2af-a80a-40c8-9959-23f940c36872"
"1822";"458a4e7a-cd3a-4cf8-8898-cd8eadce11e7"
"1823";"5cd08d5c-222f-48c8-a9f8-7bbbe042fee3"
"1824";"db13b844-254b-492a-81bf-8fbacdf9bb65"
"1825";"6b7f3584-226f-4862-8199-60ad9715a4ac"
"1826";"5c3da192-e366-4b55-8174-85e20f900dbb"
"1827";"9049c30e-e736-4371-abb5-3cf9dae7f5e0"
"1828";"c0415855-17f9-4f82-a161-a1aa49483045"
"1829";"a0515aa1-3aef-4da3-9178-2356a8bafe19"
"1830";"c16ccfab-3851-4485-9777-adb7c751e921"
"1831";"60a52389-f6e1-4a75-bb17-71a925478ee1"
"1832";"5a3b9801-7ab7-4e2b-89ab-26a2c86bdcd3"
"1833";"d023a39e-5c65-44b4-9793-c58af425f009"
"1834";"a575fdbb-fd2d-4b1d-820e-f5720f398530"
"1835";"2d1924b9-6479-4e3d-adb1-10a923bd0db0"
"1836";"ad9e3e14-153b-4645-bfa3-4663e8b104a9"
"1837";"387e6396-5ab4-4c6d-b3fd-5acf362313cc"
"1838";"6ca612bc-ed25-42e2-819c-341bb37ec1f1"
"1839";"914409b0-8281-496f-9fe2-f874020e6fbc"
"1840";"320b95fb-0e5f-40b3-9df8-74832b792268"
"1841";"9d0c7872-dab7-4693-a826-83065e324d19"
"1842";"edc62572-6128-41da-9b59-ac5c49ae0145"
"1843";"9f560d7c-b432-43d5-afe0-0d8103d1ea79"
"1844";
