"artist_id";"album_id"
"2";"1"
"2";"6"
"2";"252"
"2";"266"
"2";"278"
"2";"305"
"2";"554"
"2";"777"
"2";"792"
"3";"1827"
"4";"2"
"4";"210"
"5";"3"
"6";"7"
"6";"32"
"7";"4"
"8";"1844"
"9";"55"
"9";"80"
"9";"172"
"9";"420"
"9";"797"
"11";"8"
"11";"158"
"11";"185"
"11";"708"
"13";"9"
"13";"149"
"13";"677"
"13";"845"
"13";"1016"
"13";"1033"
"15";"13"
"15";"1649"
"16";"10"
"16";"42"
"21";"11"
"21";"1792"
"25";"12"
"25";"57"
"25";"1824"
"29";"14"
"29";"386"
"29";"770"
"33";"15"
"34";"53"
"34";"229"
"34";"234"
"34";"255"
"34";"271"
"36";"16"
"36";"182"
"36";"481"
"36";"693"
"36";"838"
"36";"886"
"39";"17"
"39";"65"
"40";"18"
"40";"116"
"40";"254"
"42";"19"
"43";"20"
"43";"161"
"43";"308"
"43";"466"
"43";"586"
"43";"932"
"43";"985"
"43";"1052"
"45";"215"
"45";"873"
"46";"48"
"46";"258"
"46";"469"
"47";"72"
"47";"171"
"50";"806"
"52";"21"
"52";"81"
"52";"205"
"52";"357"
"52";"487"
"52";"727"
"52";"924"
"52";"1152"
"57";"22"
"57";"60"
"57";"188"
"57";"259"
"57";"332"
"57";"550"
"57";"767"
"57";"825"
"57";"889"
"57";"1114"
"59";"103"
"59";"1833"
"60";"238"
"60";"1484"
"60";"1485"
"60";"1514"
"60";"1677"
"61";"111"
"62";"23"
"62";"83"
"62";"168"
"62";"515"
"63";"24"
"63";"45"
"63";"122"
"63";"300"
"63";"526"
"63";"796"
"63";"922"
"66";"25"
"66";"224"
"66";"467"
"66";"602"
"67";"102"
"68";"1834"
"68";"1835"
"70";"247"
"70";"634"
"71";"26"
"71";"337"
"71";"552"
"71";"1661"
"72";"202"
"72";"389"
"72";"577"
"75";"27"
"75";"326"
"75";"563"
"75";"743"
"75";"859"
"75";"1024"
"80";"28"
"80";"136"
"81";"29"
"83";"30"
"85";"31"
"85";"204"
"85";"592"
"85";"674"
"87";"33"
"87";"173"
"89";"34"
"89";"118"
"89";"309"
"89";"465"
"89";"887"
"89";"1026"
"91";"145"
"91";"310"
"92";"35"
"92";"75"
"92";"508"
"94";"352"
"94";"525"
"94";"649"
"94";"765"
"94";"835"
"96";"36"
"96";"54"
"98";"37"
"98";"96"
"98";"1671"
"100";"181"
"100";"1756"
"100";"1760"
"100";"1773"
"101";"157"
"101";"1830"
"102";"38"
"102";"317"
"104";"39"
"104";"49"
"106";"40"
"106";"63"
"110";"41"
"110";"142"
"110";"495"
"110";"609"
"110";"757"
"110";"1049"
"110";"1062"
"122";"43"
"123";"44"
"123";"131"
"123";"385"
"123";"425"
"123";"512"
"123";"625"
"123";"1679"
"124";"281"
"124";"864"
"124";"996"
"124";"1070"
"124";"1171"
"124";"1197"
"125";"46"
"125";"196"
"125";"970"
"126";"126"
"126";"338"
"127";"243"
"127";"1586"
"133";"47"
"133";"428"
"133";"632"
"134";"920"
"135";"926"
"135";"1139"
"137";"50"
"139";"51"
"141";"52"
"143";"56"
"143";"189"
"144";"373"
"144";"513"
"147";"58"
"147";"1264"
"147";"1382"
"147";"1383"
"150";"59"
"150";"941"
"151";"61"
"151";"107"
"151";"311"
"151";"492"
"151";"724"
"151";"1038"
"151";"1273"
"151";"1280"
"151";"1358"
"151";"1505"
"159";"62"
"160";"1463"
"160";"1794"
"160";"1795"
"163";"64"
"164";"66"
"164";"179"
"167";"67"
"168";"68"
"170";"69"
"170";"214"
"170";"288"
"170";"463"
"170";"779"
"173";"70"
"176";"71"
"176";"242"
"176";"587"
"176";"771"
"176";"995"
"176";"1173"
"177";"73"
"177";"262"
"177";"418"
"177";"1235"
"179";"74"
"179";"1596"
"184";"147"
"184";"295"
"184";"670"
"185";"209"
"185";"419"
"185";"596"
"185";"756"
"185";"938"
"186";"93"
"186";"263"
"186";"273"
"186";"323"
"186";"452"
"186";"534"
"186";"610"
"186";"778"
"187";"293"
"187";"1588"
"187";"1777"
"187";"1810"
"188";"76"
"188";"1731"
"189";"77"
"191";"78"
"191";"703"
"191";"1132"
"192";"79"
"193";"153"
"193";"472"
"193";"533"
"193";"843"
"193";"904"
"193";"1133"
"197";"82"
"197";"283"
"197";"408"
"198";"84"
"198";"414"
"198";"569"
"198";"869"
"198";"1194"
"200";"85"
"201";"86"
"201";"739"
"201";"812"
"204";"87"
"204";"557"
"205";"88"
"206";"89"
"208";"90"
"210";"91"
"210";"165"
"210";"440"
"210";"509"
"210";"705"
"210";"748"
"211";"92"
"213";"138"
"216";"94"
"216";"871"
"216";"1097"
"216";"1229"
"216";"1838"
"217";"95"
"217";"152"
"217";"163"
"217";"175"
"217";"839"
"217";"849"
"220";"97"
"224";"98"
"224";"289"
"227";"99"
"227";"220"
"227";"331"
"227";"395"
"227";"485"
"227";"680"
"227";"865"
"227";"1015"
"227";"1180"
"227";"1220"
"228";"100"
"228";"237"
"228";"287"
"228";"429"
"231";"356"
"231";"555"
"233";"101"
"233";"458"
"235";"837"
"235";"907"
"235";"1142"
"235";"1239"
"237";"567"
"237";"856"
"237";"1655"
"239";"167"
"239";"375"
"239";"436"
"239";"696"
"239";"1039"
"242";"321"
"243";"106"
"243";"365"
"243";"1590"
"245";"104"
"245";"260"
"246";"105"
"246";"498"
"247";"211"
"249";"108"
"251";"261"
"251";"441"
"251";"547"
"251";"775"
"251";"936"
"251";"1068"
"251";"1216"
"253";"109"
"253";"192"
"253";"306"
"253";"753"
"253";"840"
"253";"1154"
"253";"1406"
"256";"110"
"259";"112"
"263";"113"
"263";"270"
"263";"387"
"264";"114"
"265";"115"
"265";"292"
"265";"483"
"265";"1429"
"265";"1510"
"265";"1741"
"267";"312"
"267";"517"
"267";"807"
"267";"1010"
"270";"199"
"270";"264"
"270";"646"
"272";"191"
"272";"233"
"275";"117"
"282";"208"
"282";"367"
"282";"900"
"282";"1159"
"285";"119"
"286";"120"
"289";"121"
"289";"834"
"289";"1035"
"289";"1182"
"291";"124"
"291";"530"
"291";"560"
"291";"720"
"291";"782"
"296";"123"
"296";"322"
"296";"348"
"297";"457"
"298";"125"
"298";"399"
"298";"519"
"298";"582"
"298";"1695"
"302";"127"
"303";"128"
"304";"129"
"306";"130"
"308";"132"
"308";"694"
"308";"1146"
"308";"1778"
"311";"133"
"312";"134"
"312";"494"
"312";"722"
"313";"135"
"315";"506"
"315";"604"
"315";"665"
"315";"1047"
"315";"1378"
"315";"1693"
"315";"1826"
"316";"137"
"316";"349"
"316";"624"
"316";"896"
"316";"949"
"321";"139"
"322";"140"
"323";"141"
"323";"600"
"332";"143"
"332";"302"
"332";"551"
"335";"144"
"340";"146"
"342";"148"
"342";"245"
"343";"150"
"343";"291"
"343";"314"
"343";"370"
"343";"474"
"343";"591"
"345";"151"
"348";"154"
"348";"1839"
"349";"206"
"349";"391"
"349";"585"
"349";"1153"
"349";"1678"
"353";"227"
"357";"155"
"357";"187"
"359";"156"
"359";"437"
"359";"669"
"359";"1101"
"359";"1437"
"359";"1448"
"359";"1451"
"365";"159"
"365";"207"
"365";"230"
"365";"559"
"365";"862"
"365";"990"
"371";"160"
"371";"222"
"371";"269"
"371";"388"
"371";"597"
"371";"697"
"371";"740"
"371";"1051"
"374";"162"
"376";"164"
"378";"166"
"383";"613"
"383";"854"
"383";"998"
"399";"169"
"399";"1316"
"399";"1318"
"400";"240"
"400";"1841"
"402";"170"
"402";"327"
"402";"762"
"402";"1057"
"407";"174"
"407";"568"
"407";"1023"
"408";"272"
"408";"315"
"408";"318"
"408";"319"
"408";"325"
"408";"342"
"408";"343"
"408";"344"
"408";"345"
"408";"346"
"408";"350"
"408";"351"
"408";"353"
"408";"354"
"408";"355"
"408";"358"
"408";"359"
"408";"360"
"408";"362"
"408";"376"
"408";"377"
"408";"378"
"408";"379"
"408";"380"
"408";"381"
"408";"382"
"408";"383"
"408";"384"
"408";"390"
"408";"392"
"408";"393"
"408";"398"
"408";"405"
"408";"406"
"408";"411"
"408";"412"
"408";"413"
"408";"448"
"408";"540"
"408";"541"
"408";"543"
"408";"546"
"416";"176"
"418";"177"
"419";"178"
"420";"180"
"426";"810"
"426";"1078"
"426";"1219"
"433";"183"
"434";"184"
"434";"1399"
"434";"1434"
"434";"1435"
"437";"186"
"443";"236"
"443";"401"
"444";"190"
"444";"455"
"444";"527"
"444";"1055"
"445";"294"
"449";"193"
"449";"1208"
"455";"194"
"455";"1465"
"457";"195"
"457";"276"
"460";"197"
"460";"1594"
"462";"198"
"462";"475"
"463";"200"
"464";"201"
"466";"203"
"482";"212"
"484";"213"
"491";"216"
"491";"545"
"491";"811"
"491";"1125"
"495";"217"
"497";"218"
"505";"219"
"508";"221"
"512";"223"
"522";"225"
"525";"226"
"530";"228"
"530";"746"
"531";"231"
"531";"553"
"531";"594"
"531";"1281"
"531";"1303"
"533";"257"
"533";"456"
"533";"1639"
"534";"232"
"534";"659"
"534";"699"
"534";"790"
"535";"427"
"535";"497"
"536";"274"
"538";"235"
"544";"239"
"544";"847"
"544";"1187"
"547";"241"
"550";"301"
"550";"701"
"553";"400"
"553";"1840"
"554";"244"
"556";"246"
"556";"764"
"556";"903"
"556";"980"
"556";"1178"
"558";"248"
"561";"249"
"561";"785"
"561";"1065"
"561";"1259"
"563";"280"
"566";"250"
"566";"1375"
"569";"251"
"574";"253"
"574";"1557"
"577";"1842"
"581";"256"
"588";"500"
"588";"1395"
"588";"1396"
"588";"1637"
"609";"542"
"609";"885"
"609";"1251"
"613";"265"
"613";"656"
"613";"1112"
"615";"267"
"617";"268"
"617";"820"
"617";"1245"
"622";"275"
"628";"277"
"628";"431"
"628";"633"
"628";"725"
"628";"1202"
"628";"1751"
"634";"279"
"634";"432"
"634";"824"
"634";"959"
"634";"1241"
"635";"282"
"635";"619"
"635";"1061"
"637";"284"
"637";"1680"
"638";"285"
"638";"1234"
"640";"286"
"648";"290"
"648";"614"
"648";"944"
"648";"1698"
"651";"421"
"651";"1342"
"655";"296"
"655";"442"
"655";"618"
"655";"658"
"655";"816"
"655";"963"
"655";"1074"
"655";"1200"
"656";"297"
"656";"730"
"656";"846"
"656";"890"
"656";"1085"
"658";"298"
"658";"536"
"658";"745"
"658";"850"
"658";"901"
"658";"1228"
"662";"663"
"662";"1119"
"666";"299"
"676";"303"
"676";"570"
"678";"304"
"678";"630"
"680";"307"
"689";"313"
"689";"340"
"698";"316"
"698";"372"
"698";"1517"
"702";"366"
"702";"371"
"702";"374"
"705";"320"
"705";"1645"
"710";"324"
"710";"662"
"710";"1028"
"710";"1076"
"710";"1249"
"712";"328"
"714";"329"
"714";"529"
"714";"576"
"714";"1022"
"715";"572"
"717";"330"
"717";"640"
"717";"1013"
"727";"333"
"727";"1438"
"727";"1644"
"728";"334"
"729";"335"
"729";"1708"
"730";"336"
"730";"489"
"730";"556"
"732";"339"
"732";"1709"
"735";"341"
"735";"347"
"735";"635"
"740";"443"
"740";"535"
"740";"655"
"740";"1079"
"740";"1144"
"759";"361"
"760";"363"
"761";"364"
"761";"893"
"761";"1276"
"762";"368"
"762";"524"
"762";"827"
"762";"1192"
"765";"369"
"765";"491"
"765";"503"
"765";"643"
"769";"511"
"769";"686"
"769";"744"
"769";"817"
"769";"1486"
"770";"760"
"772";"502"
"772";"668"
"772";"671"
"788";"974"
"789";"394"
"791";"945"
"791";"1018"
"791";"1286"
"791";"1487"
"792";"396"
"793";"397"
"793";"501"
"793";"803"
"793";"1258"
"806";"402"
"806";"499"
"807";"403"
"809";"404"
"809";"940"
"809";"1203"
"810";"715"
"815";"407"
"815";"964"
"817";"409"
"818";"410"
"818";"607"
"818";"805"
"818";"1066"
"818";"1404"
"818";"1813"
"824";"415"
"827";"416"
"828";"939"
"829";"417"
"851";"422"
"852";"423"
"852";"637"
"852";"919"
"857";"424"
"857";"1031"
"859";"615"
"859";"884"
"859";"1067"
"859";"1100"
"862";"426"
"865";"430"
"865";"661"
"866";"433"
"867";"434"
"867";"999"
"868";"435"
"877";"538"
"886";"438"
"886";"1224"
"889";"439"
"891";"444"
"893";"445"
"894";"446"
"894";"844"
"894";"1069"
"894";"1294"
"895";"447"
"901";"449"
"902";"450"
"903";"451"
"906";"453"
"906";"627"
"907";"454"
"916";"700"
"916";"875"
"919";"459"
"929";"460"
"929";"672"
"930";"461"
"930";"486"
"930";"639"
"930";"813"
"930";"1046"
"930";"1148"
"931";"462"
"938";"464"
"940";"621"
"942";"468"
"942";"520"
"948";"470"
"952";"471"
"955";"473"
"955";"861"
"959";"476"
"964";"477"
"964";"666"
"964";"830"
"964";"836"
"964";"948"
"966";"478"
"967";"479"
"967";"754"
"967";"1193"
"974";"480"
"977";"482"
"977";"848"
"977";"1012"
"978";"484"
"979";"1198"
"988";"488"
"991";"731"
"991";"962"
"991";"1136"
"993";"490"
"998";"493"
"998";"1141"
"998";"1149"
"998";"1256"
"1002";"496"
"1002";"741"
"1002";"994"
"1008";"689"
"1013";"504"
"1013";"1191"
"1015";"505"
"1015";"581"
"1020";"507"
"1027";"510"
"1033";"514"
"1033";"1134"
"1036";"516"
"1039";"620"
"1039";"798"
"1042";"518"
"1042";"1761"
"1043";"721"
"1048";"521"
"1048";"927"
"1049";"522"
"1049";"734"
"1049";"1064"
"1049";"1131"
"1050";"523"
"1050";"1592"
"1060";"528"
"1060";"1218"
"1062";"531"
"1062";"652"
"1062";"947"
"1063";"532"
"1078";"537"
"1078";"772"
"1078";"1072"
"1079";"539"
"1081";"544"
"1087";"548"
"1091";"549"
"1101";"667"
"1104";"558"
"1104";"601"
"1109";"561"
"1109";"711"
"1110";"562"
"1110";"598"
"1110";"892"
"1110";"1158"
"1116";"564"
"1117";"565"
"1117";"784"
"1117";"1029"
"1120";"566"
"1120";"828"
"1124";"822"
"1124";"1003"
"1136";"571"
"1136";"1027"
"1139";"573"
"1140";"579"
"1143";"574"
"1143";"1025"
"1144";"575"
"1144";"1612"
"1146";"578"
"1148";"801"
"1148";"1123"
"1150";"580"
"1154";"583"
"1156";"641"
"1157";"584"
"1157";"645"
"1170";"588"
"1172";"589"
"1173";"590"
"1177";"593"
"1177";"831"
"1178";"595"
"1178";"833"
"1178";"905"
"1178";"1163"
"1181";"599"
"1181";"1277"
"1188";"603"
"1188";"1060"
"1188";"1335"
"1188";"1403"
"1188";"1439"
"1188";"1763"
"1199";"605"
"1199";"695"
"1200";"606"
"1201";"608"
"1203";"611"
"1208";"612"
"1215";"616"
"1215";"750"
"1218";"617"
"1225";"657"
"1226";"622"
"1227";"623"
"1233";"626"
"1233";"958"
"1233";"1213"
"1234";"628"
"1235";"629"
"1235";"1118"
"1236";"631"
"1240";"636"
"1241";"1257"
"1242";"910"
"1243";"638"
"1248";"642"
"1249";"644"
"1255";"647"
"1255";"1445"
"1256";"648"
"1257";"650"
"1258";"651"
"1258";"793"
"1258";"1034"
"1258";"1529"
"1258";"1530"
"1258";"1822"
"1262";"653"
"1264";"654"
"1276";"660"
"1276";"880"
"1276";"1121"
"1280";"684"
"1283";"664"
"1297";"673"
"1307";"675"
"1307";"943"
"1307";"1093"
"1308";"676"
"1310";"702"
"1310";"1737"
"1312";"678"
"1313";"679"
"1319";"681"
"1319";"1543"
"1320";"682"
"1320";"821"
"1321";"683"
"1321";"898"
"1322";"685"
"1322";"752"
"1322";"1059"
"1323";"687"
"1323";"1418"
"1323";"1676"
"1327";"688"
"1327";"867"
"1327";"1090"
"1331";"690"
"1331";"1150"
"1332";"691"
"1333";"692"
"1336";"698"
"1351";"704"
"1351";"1248"
"1352";"706"
"1352";"826"
"1354";"707"
"1356";"976"
"1356";"1263"
"1359";"709"
"1360";"710"
"1360";"1646"
"1364";"712"
"1365";"713"
"1366";"714"
"1366";"872"
"1368";"882"
"1369";"716"
"1371";"717"
"1371";"1009"
"1371";"1209"
"1374";"718"
"1374";"891"
"1375";"719"
"1377";"1370"
"1381";"1019"
"1382";"723"
"1384";"1322"
"1384";"1524"
"1389";"726"
"1389";"1238"
"1391";"728"
"1394";"729"
"1400";"788"
"1402";"732"
"1404";"733"
"1406";"735"
"1408";"736"
"1410";"737"
"1411";"738"
"1412";"986"
"1415";"742"
"1415";"1270"
"1422";"747"
"1428";"749"
"1429";"751"
"1436";"755"
"1438";"1089"
"1440";"758"
"1441";"759"
"1441";"915"
"1441";"1138"
"1441";"1214"
"1446";"870"
"1446";"979"
"1446";"1053"
"1446";"1155"
"1447";"761"
"1447";"946"
"1450";"763"
"1450";"973"
"1450";"1105"
"1450";"1210"
"1454";"766"
"1458";"768"
"1458";"1135"
"1461";"769"
"1466";"773"
"1469";"774"
"1469";"908"
"1471";"776"
"1471";"1262"
"1475";"780"
"1475";"1058"
"1475";"1268"
"1475";"1269"
"1475";"1272"
"1475";"1274"
"1475";"1275"
"1475";"1474"
"1479";"781"
"1486";"783"
"1489";"786"
"1489";"1253"
"1491";"787"
"1492";"789"
"1492";"1172"
"1493";"823"
"1497";"791"
"1503";"794"
"1504";"795"
"1504";"916"
"1510";"799"
"1511";"800"
"1517";"802"
"1518";"1283"
"1518";"1328"
"1518";"1329"
"1518";"1330"
"1518";"1331"
"1518";"1336"
"1518";"1337"
"1518";"1338"
"1518";"1390"
"1518";"1461"
"1518";"1469"
"1519";"804"
"1526";"808"
"1528";"809"
"1528";"957"
"1528";"967"
"1543";"814"
"1544";"815"
"1551";"818"
"1552";"819"
"1552";"1160"
"1552";"1250"
"1561";"829"
"1561";"1317"
"1561";"1327"
"1561";"1497"
"1567";"1126"
"1568";"832"
"1568";"1000"
"1576";"841"
"1577";"842"
"1588";"851"
"1590";"852"
"1590";"897"
"1591";"1102"
"1593";"853"
"1596";"881"
"1597";"855"
"1602";"1513"
"1606";"857"
"1607";"858"
"1607";"1056"
"1612";"1211"
"1613";"860"
"1613";"1124"
"1613";"1307"
"1613";"1311"
"1614";"863"
"1617";"1222"
"1618";"866"
"1624";"868"
"1630";"874"
"1632";"876"
"1632";"1289"
"1634";"877"
"1634";"883"
"1634";"1313"
"1634";"1314"
"1634";"1554"
"1634";"1819"
"1635";"878"
"1638";"879"
"1644";"888"
"1649";"894"
"1653";"895"
"1653";"935"
"1653";"1231"
"1654";"1243"
"1658";"899"
"1658";"1116"
"1660";"902"
"1661";"1168"
"1666";"906"
"1674";"909"
"1674";"1195"
"1674";"1821"
"1676";"1084"
"1677";"911"
"1679";"912"
"1680";"913"
"1680";"1384"
"1680";"1387"
"1681";"914"
"1684";"917"
"1684";"1030"
"1684";"1075"
"1684";"1352"
"1684";"1354"
"1684";"1673"
"1685";"918"
"1692";"921"
"1692";"968"
"1695";"923"
"1697";"925"
"1701";"928"
"1702";"929"
"1703";"930"
"1704";"931"
"1707";"933"
"1707";"1266"
"1707";"1282"
"1707";"1519"
"1708";"966"
"1709";"934"
"1712";"937"
"1717";"942"
"1724";"950"
"1725";"951"
"1725";"953"
"1727";"1110"
"1728";"1215"
"1730";"1143"
"1733";"952"
"1736";"954"
"1738";"955"
"1738";"1201"
"1739";"956"
"1745";"1127"
"1747";"960"
"1748";"961"
"1755";"965"
"1763";"983"
"1768";"969"
"1771";"971"
"1772";"972"
"1777";"975"
"1778";"977"
"1778";"1147"
"1778";"1365"
"1779";"978"
"1781";"1007"
"1787";"981"
"1787";"1122"
"1788";"982"
"1792";"984"
"1792";"1063"
"1792";"1183"
"1796";"987"
"1798";"988"
"1799";"989"
"1799";"1083"
"1799";"1237"
"1800";"991"
"1801";"992"
"1803";"993"
"1806";"997"
"1806";"1177"
"1810";"1001"
"1811";"1002"
"1814";"1004"
"1816";"1005"
"1817";"1006"
"1820";"1008"
"1822";"1011"
"1829";"1014"
"1831";"1017"
"1835";"1020"
"1836";"1021"
"1848";"1032"
"1848";"1227"
"1848";"1371"
"1848";"1625"
"1852";"1043"
"1854";"1036"
"1854";"1042"
"1855";"1037"
"1856";"1416"
"1856";"1417"
"1856";"1452"
"1857";"1040"
"1858";"1041"
"1859";"1044"
"1864";"1045"
"1865";"1048"
"1866";"1050"
"1866";"1181"
"1866";"1793"
"1874";"1054"
"1888";"1071"
"1888";"1099"
"1890";"1073"
"1898";"1077"
"1901";"1080"
"1902";"1081"
"1904";"1082"
"1907";"1086"
"1908";"1170"
"1909";"1087"
"1909";"1631"
"1910";"1088"
"1915";"1190"
"1915";"1369"
"1915";"1672"
"1916";"1091"
"1916";"1130"
"1918";"1092"
"1918";"1458"
"1918";"1460"
"1918";"1614"
"1921";"1115"
"1922";"1094"
"1923";"1095"
"1924";"1096"
"1927";"1098"
"1932";"1103"
"1933";"1104"
"1935";"1106"
"1938";"1107"
"1940";"1108"
"1940";"1164"
"1941";"1109"
"1943";"1111"
"1944";"1113"
"1944";"1293"
"1944";"1359"
"1944";"1705"
"1949";"1165"
"1950";"1117"
"1954";"1120"
"1965";"1128"
"1966";"1129"
"1972";"1204"
"1975";"1137"
"1977";"1140"
"1984";"1145"
"1988";"1151"
"1988";"1656"
"1988";"1657"
"1992";"1156"
"1993";"1157"
"1994";"1166"
"1997";"1161"
"1998";"1162"
"1998";"1351"
"1998";"1533"
"2007";"1167"
"2007";"1265"
"2011";"1333"
"2011";"1443"
"2012";"1169"
"2016";"1174"
"2018";"1175"
"2024";"1176"
"2036";"1179"
"2052";"1184"
"2053";"1185"
"2054";"1186"
"2058";"1188"
"2061";"1189"
"2075";"1196"
"2079";"1212"
"2081";"1199"
"2097";"1205"
"2099";"1206"
"2101";"1207"
"2102";"1470"
"2102";"1539"
"2102";"1540"
"2102";"1541"
"2102";"1542"
"2110";"1217"
"2118";"1221"
"2119";"1223"
"2120";"1225"
"2124";"1246"
"2125";"1226"
"2129";"1230"
"2130";"1232"
"2132";"1233"
"2134";"1236"
"2138";"1242"
"2141";"1240"
"2145";"1244"
"2152";"1247"
"2156";"1252"
"2160";"1254"
"2166";"1255"
"2176";"1260"
"2178";"1261"
"2185";"1267"
"2185";"1436"
"2185";"1441"
"2186";"1271"
"2187";"1391"
"2189";"1278"
"2190";"1279"
"2190";"1305"
"2190";"1569"
"2191";"1295"
"2191";"1296"
"2191";"1297"
"2191";"1392"
"2192";"1284"
"2192";"1287"
"2192";"1298"
"2192";"1299"
"2192";"1300"
"2192";"1320"
"2192";"1394"
"2193";"1285"
"2193";"1326"
"2193";"1455"
"2193";"1636"
"2194";"1288"
"2194";"1312"
"2194";"1774"
"2195";"1290"
"2196";"1291"
"2197";"1292"
"2197";"1373"
"2197";"1453"
"2197";"1508"
"2197";"1805"
"2199";"1301"
"2199";"1814"
"2200";"1302"
"2200";"1362"
"2200";"1363"
"2200";"1468"
"2200";"1776"
"2202";"1306"
"2203";"1633"
"2204";"1304"
"2206";"1308"
"2206";"1376"
"2206";"1495"
"2207";"1309"
"2208";"1310"
"2210";"1319"
"2210";"1449"
"2210";"1450"
"2210";"1651"
"2211";"1315"
"2211";"1413"
"2211";"1766"
"2212";"1321"
"2213";"1323"
"2213";"1324"
"2213";"1366"
"2213";"1408"
"2213";"1544"
"2213";"1570"
"2214";"1325"
"2215";"1332"
"2215";"1478"
"2218";"1334"
"2218";"1402"
"2219";"1699"
"2219";"1700"
"2221";"1339"
"2221";"1422"
"2222";"1340"
"2222";"1466"
"2222";"1467"
"2222";"1800"
"2222";"1802"
"2223";"1341"
"2223";"1424"
"2223";"1652"
"2224";"1504"
"2225";"1343"
"2225";"1389"
"2225";"1430"
"2225";"1579"
"2226";"1344"
"2227";"1345"
"2227";"1349"
"2228";"1346"
"2230";"1347"
"2236";"1348"
"2236";"1575"
"2238";"1692"
"2239";"1350"
"2239";"1400"
"2239";"1632"
"2240";"1353"
"2240";"1479"
"2240";"1697"
"2241";"1355"
"2243";"1356"
"2243";"1388"
"2243";"1457"
"2244";"1357"
"2244";"1446"
"2245";"1360"
"2245";"1742"
"2247";"1361"
"2247";"1367"
"2247";"1473"
"2248";"1811"
"2248";"1812"
"2249";"1364"
"2249";"1498"
"2250";"1368"
"2250";"1527"
"2251";"1372"
"2251";"1675"
"2252";"1374"
"2252";"1496"
"2252";"1753"
"2252";"1754"
"2253";"1377"
"2253";"1566"
"2254";"1379"
"2254";"1587"
"2255";"1380"
"2256";"1381"
"2256";"1558"
"2256";"1559"
"2257";"1385"
"2258";"1386"
"2259";"1393"
"2259";"1567"
"2260";"1397"
"2261";"1398"
"2261";"1490"
"2263";"1401"
"2264";"1405"
"2265";"1407"
"2265";"1732"
"2266";"1409"
"2267";"1410"
"2267";"1528"
"2268";"1411"
"2268";"1568"
"2271";"1412"
"2272";"1414"
"2272";"1711"
"2273";"1415"
"2274";"1419"
"2274";"1511"
"2274";"1647"
"2274";"1650"
"2275";"1420"
"2275";"1547"
"2275";"1665"
"2277";"1421"
"2277";"1605"
"2278";"1423"
"2279";"1589"
"2280";"1772"
"2281";"1425"
"2281";"1573"
"2282";"1426"
"2283";"1427"
"2284";"1428"
"2284";"1521"
"2284";"1687"
"2286";"1431"
"2286";"1626"
"2287";"1432"
"2287";"1595"
"2288";"1433"
"2288";"1532"
"2288";"1690"
"2290";"1550"
"2292";"1440"
"2292";"1442"
"2292";"1641"
"2293";"1444"
"2294";"1447"
"2295";"1454"
"2295";"1694"
"2297";"1456"
"2298";"1459"
"2298";"1500"
"2298";"1610"
"2298";"1820"
"2299";"1462"
"2299";"1736"
"2300";"1464"
"2301";"1471"
"2302";"1472"
"2302";"1564"
"2302";"1750"
"2303";"1475"
"2304";"1476"
"2304";"1688"
"2305";"1477"
"2305";"1520"
"2305";"1666"
"2306";"1480"
"2306";"1658"
"2307";"1481"
"2307";"1565"
"2308";"1482"
"2308";"1738"
"2311";"1483"
"2311";"1681"
"2313";"1488"
"2313";"1717"
"2314";"1489"
"2315";"1491"
"2316";"1492"
"2317";"1493"
"2317";"1601"
"2318";"1494"
"2319";"1499"
"2320";"1501"
"2321";"1502"
"2321";"1782"
"2322";"1503"
"2322";"1719"
"2323";"1506"
"2323";"1507"
"2324";"1509"
"2325";"1512"
"2327";"1515"
"2328";"1597"
"2328";"1702"
"2329";"1516"
"2330";"1518"
"2330";"1623"
"2332";"1522"
"2332";"1523"
"2332";"1726"
"2334";"1525"
"2335";"1526"
"2336";"1531"
"2339";"1534"
"2340";"1535"
"2341";"1536"
"2341";"1643"
"2341";"1730"
"2341";"1748"
"2343";"1537"
"2343";"1581"
"2343";"1747"
"2344";"1538"
"2345";"1545"
"2347";"1546"
"2348";"1806"
"2348";"1807"
"2348";"1808"
"2351";"1548"
"2352";"1549"
"2353";"1551"
"2354";"1552"
"2355";"1553"
"2356";"1555"
"2357";"1556"
"2359";"1561"
"2359";"1728"
"2360";"1560"
"2360";"1817"
"2361";"1562"
"2362";"1563"
"2363";"1571"
"2364";"1572"
"2365";"1574"
"2366";"1576"
"2367";"1578"
"2368";"1577"
"2369";"1580"
"2370";"1583"
"2370";"1790"
"2371";"1582"
"2372";"1584"
"2373";"1585"
"2374";"1591"
"2375";"1593"
"2378";"1598"
"2378";"1599"
"2378";"1818"
"2379";"1600"
"2380";"1602"
"2380";"1797"
"2381";"1603"
"2382";"1604"
"2383";"1606"
"2383";"1608"
"2384";"1607"
"2385";"1609"
"2386";"1611"
"2387";"1613"
"2389";"1615"
"2390";"1616"
"2391";"1617"
"2391";"1620"
"2391";"1622"
"2392";"1618"
"2393";"1619"
"2394";"1621"
"2395";"1624"
"2396";"1627"
"2397";"1628"
"2398";"1629"
"2399";"1630"
"2400";"1634"
"2401";"1635"
"2402";"1683"
"2403";"1638"
"2404";"1640"
"2406";"1642"
"2407";"1648"
"2408";"1653"
"2409";"1654"
"2410";"1659"
"2410";"1660"
"2411";"1662"
"2412";"1663"
"2412";"1798"
"2412";"1799"
"2413";"1664"
"2414";"1668"
"2415";"1667"
"2416";"1669"
"2417";"1670"
"2419";"1674"
"2421";"1682"
"2422";"1684"
"2423";"1685"
"2424";"1686"
"2425";"1689"
"2427";"1691"
"2429";"1696"
"2430";"1701"
"2433";"1703"
"2435";"1704"
"2436";"1706"
"2437";"1707"
"2438";"1710"
"2438";"1721"
"2438";"1722"
"2438";"1723"
"2440";"1712"
"2441";"1713"
"2442";"1714"
"2442";"1718"
"2443";"1715"
"2444";"1716"
"2445";"1720"
"2446";"1724"
"2448";"1725"
"2450";"1727"
"2451";"1729"
"2452";"1733"
"2453";"1734"
"2454";"1735"
"2455";"1740"
"2456";"1739"
"2457";"1743"
"2460";"1744"
"2461";"1745"
"2461";"1746"
"2463";"1749"
"2464";"1752"
"2466";"1755"
"2469";"1757"
"2470";"1758"
"2470";"1759"
"2472";"1762"
"2473";"1779"
"2473";"1780"
"2473";"1781"
"2473";"1783"
"2473";"1784"
"2474";"1764"
"2475";"1765"
"2476";"1767"
"2477";"1768"
"2482";"1769"
"2486";"1770"
"2488";"1771"
"2490";"1775"
"2491";"1785"
"2492";"1786"
"2492";"1787"
"2493";"1788"
"2494";"1789"
"2495";"1791"
"2496";"1796"
"2498";"1801"
"2499";"1803"
"2500";"1804"
"2502";"1809"
"2503";"1815"
"2504";"1816"
"2516";"1823"
"2517";"1831"
"2520";"1825"
"2521";"1843"
"2526";"1837"
"2530";"1828"
"2541";"1829"
"2546";"1832"
"2548";"1836"
